"Step","05072025_yolov11n_histEQ - train/cls_loss","05072025_yolov11n_histEQ - train/cls_loss__MIN","05072025_yolov11n_histEQ - train/cls_loss__MAX","05072025_yolov11s_histEQ2 - train/cls_loss","05072025_yolov11s_histEQ2 - train/cls_loss__MIN","05072025_yolov11s_histEQ2 - train/cls_loss__MAX","05072025_yolov11l_histEQ3 - train/cls_loss","05072025_yolov11l_histEQ3 - train/cls_loss__MIN","05072025_yolov11l_histEQ3 - train/cls_loss__MAX","04072025_yolov11m_histEQ - train/cls_loss","04072025_yolov11m_histEQ - train/cls_loss__MIN","04072025_yolov11m_histEQ - train/cls_loss__MAX"
"1","3.21158","3.21158","3.21158","6.09651","6.09651","6.09651","4.37049","4.37049","4.37049","6.67381","6.67381","6.67381"
"2","1.93593","1.93593","1.93593","2.85686","2.85686","2.85686","3.28375","3.28375","3.28375","3.32446","3.32446","3.32446"
"3","1.75204","1.75204","1.75204","2.35791","2.35791","2.35791","3.11594","3.11594","3.11594","3.04397","3.04397","3.04397"
"4","1.48027","1.48027","1.48027","2.09304","2.09304","2.09304","3.00473","3.00473","3.00473","2.80302","2.80302","2.80302"
"5","1.3034","1.3034","1.3034","1.94959","1.94959","1.94959","2.64824","2.64824","2.64824","2.6058","2.6058","2.6058"
"6","1.29611","1.29611","1.29611","1.84846","1.84846","1.84846","2.46294","2.46294","2.46294","2.53406","2.53406","2.53406"
"7","1.16575","1.16575","1.16575","1.84182","1.84182","1.84182","2.29281","2.29281","2.29281","2.46321","2.46321","2.46321"
"8","1.09246","1.09246","1.09246","1.58952","1.58952","1.58952","2.26042","2.26042","2.26042","2.40026","2.40026","2.40026"
"9","1.05796","1.05796","1.05796","1.57737","1.57737","1.57737","2.16171","2.16171","2.16171","2.21046","2.21046","2.21046"
"10","1.0052","1.0052","1.0052","1.48102","1.48102","1.48102","2.05583","2.05583","2.05583","2.12353","2.12353","2.12353"
"11","0.93172","0.93172","0.93172","1.35761","1.35761","1.35761","1.95166","1.95166","1.95166","2.05472","2.05472","2.05472"
"12","0.88129","0.88129","0.88129","1.3226","1.3226","1.3226","1.90717","1.90717","1.90717","1.92694","1.92694","1.92694"
"13","0.88763","0.88763","0.88763","1.31135","1.31135","1.31135","1.82067","1.82067","1.82067","1.83418","1.83418","1.83418"
"14","0.86583","0.86583","0.86583","1.29575","1.29575","1.29575","1.73426","1.73426","1.73426","1.74834","1.74834","1.74834"
"15","0.86839","0.86839","0.86839","1.30238","1.30238","1.30238","1.74472","1.74472","1.74472","1.73109","1.73109","1.73109"
"16","0.88739","0.88739","0.88739","1.20785","1.20785","1.20785","1.69244","1.69244","1.69244","1.57419","1.57419","1.57419"
"17","0.82224","0.82224","0.82224","1.19794","1.19794","1.19794","1.56955","1.56955","1.56955","1.49197","1.49197","1.49197"
"18","0.82275","0.82275","0.82275","1.22641","1.22641","1.22641","1.59423","1.59423","1.59423","1.41364","1.41364","1.41364"
"19","0.80144","0.80144","0.80144","1.18263","1.18263","1.18263","1.51728","1.51728","1.51728","1.44017","1.44017","1.44017"
"20","0.77439","0.77439","0.77439","1.16192","1.16192","1.16192","1.56768","1.56768","1.56768","1.46402","1.46402","1.46402"
"21","0.77048","0.77048","0.77048","1.05507","1.05507","1.05507","1.47727","1.47727","1.47727","1.45544","1.45544","1.45544"
"22","0.78797","0.78797","0.78797","1.06903","1.06903","1.06903","1.38095","1.38095","1.38095","1.35688","1.35688","1.35688"
"23","0.75163","0.75163","0.75163","1.06688","1.06688","1.06688","1.47813","1.47813","1.47813","1.27155","1.27155","1.27155"
"24","0.76031","0.76031","0.76031","1.06521","1.06521","1.06521","1.38823","1.38823","1.38823","1.27934","1.27934","1.27934"
"25","0.74892","0.74892","0.74892","1.01097","1.01097","1.01097","1.36602","1.36602","1.36602","1.27277","1.27277","1.27277"
"26","0.73696","0.73696","0.73696","0.96974","0.96974","0.96974","1.34128","1.34128","1.34128","1.17686","1.17686","1.17686"
"27","0.69931","0.69931","0.69931","0.94088","0.94088","0.94088","1.2732","1.2732","1.2732","1.17511","1.17511","1.17511"
"28","0.70617","0.70617","0.70617","0.96145","0.96145","0.96145","1.29347","1.29347","1.29347","1.17792","1.17792","1.17792"
"29","0.73004","0.73004","0.73004","0.92311","0.92311","0.92311","1.20594","1.20594","1.20594","1.14662","1.14662","1.14662"
"30","0.7126","0.7126","0.7126","0.92485","0.92485","0.92485","1.17182","1.17182","1.17182","1.11069","1.11069","1.11069"
"31","0.68661","0.68661","0.68661","0.9675","0.9675","0.9675","1.1508","1.1508","1.1508","1.10792","1.10792","1.10792"
"32","0.68125","0.68125","0.68125","0.92793","0.92793","0.92793","1.17615","1.17615","1.17615","1.08874","1.08874","1.08874"
"33","0.66863","0.66863","0.66863","0.90965","0.90965","0.90965","1.19022","1.19022","1.19022","1.03432","1.03432","1.03432"
"34","0.67598","0.67598","0.67598","0.85499","0.85499","0.85499","1.14672","1.14672","1.14672","1.05456","1.05456","1.05456"
"35","0.68341","0.68341","0.68341","0.90428","0.90428","0.90428","1.08386","1.08386","1.08386","1.05692","1.05692","1.05692"
"36","0.66392","0.66392","0.66392","0.85333","0.85333","0.85333","1.07786","1.07786","1.07786","1.07224","1.07224","1.07224"
"37","0.65944","0.65944","0.65944","0.87841","0.87841","0.87841","1.07843","1.07843","1.07843","0.96452","0.96452","0.96452"
"38","0.68515","0.68515","0.68515","0.86613","0.86613","0.86613","1.10356","1.10356","1.10356","0.98303","0.98303","0.98303"
"39","0.65156","0.65156","0.65156","0.88236","0.88236","0.88236","1.09566","1.09566","1.09566","0.96483","0.96483","0.96483"
"40","0.66512","0.66512","0.66512","0.86196","0.86196","0.86196","1.09828","1.09828","1.09828","0.93956","0.93956","0.93956"
"41","0.66826","0.66826","0.66826","0.87863","0.87863","0.87863","1.13244","1.13244","1.13244","0.97424","0.97424","0.97424"
"42","0.62922","0.62922","0.62922","0.8555","0.8555","0.8555","1.05222","1.05222","1.05222","0.91315","0.91315","0.91315"
"43","0.61361","0.61361","0.61361","0.82362","0.82362","0.82362","1.00448","1.00448","1.00448","0.92756","0.92756","0.92756"
"44","0.62573","0.62573","0.62573","0.84981","0.84981","0.84981","1.00906","1.00906","1.00906","0.98188","0.98188","0.98188"
"45","0.60815","0.60815","0.60815","0.81275","0.81275","0.81275","0.9509","0.9509","0.9509","0.93468","0.93468","0.93468"
"46","0.59333","0.59333","0.59333","0.74556","0.74556","0.74556","0.94254","0.94254","0.94254","0.93614","0.93614","0.93614"
"47","0.61398","0.61398","0.61398","0.77503","0.77503","0.77503","0.9983","0.9983","0.9983","0.90696","0.90696","0.90696"
"48","0.65073","0.65073","0.65073","0.81663","0.81663","0.81663","0.98697","0.98697","0.98697","0.83599","0.83599","0.83599"
"49","0.62699","0.62699","0.62699","0.79345","0.79345","0.79345","0.94874","0.94874","0.94874","0.90086","0.90086","0.90086"
"50","0.59108","0.59108","0.59108","0.77274","0.77274","0.77274","0.97389","0.97389","0.97389","0.85769","0.85769","0.85769"
"51","0.60112","0.60112","0.60112","0.77604","0.77604","0.77604","0.97578","0.97578","0.97578","0.84342","0.84342","0.84342"
"52","0.60989","0.60989","0.60989","0.78837","0.78837","0.78837","1.00389","1.00389","1.00389","0.85123","0.85123","0.85123"
"53","0.59526","0.59526","0.59526","0.74378","0.74378","0.74378","0.93361","0.93361","0.93361","0.82655","0.82655","0.82655"
"54","0.59327","0.59327","0.59327","0.74959","0.74959","0.74959","0.91657","0.91657","0.91657","0.83472","0.83472","0.83472"
"55","0.59341","0.59341","0.59341","0.74405","0.74405","0.74405","0.89893","0.89893","0.89893","0.84586","0.84586","0.84586"
"56","0.60255","0.60255","0.60255","0.73629","0.73629","0.73629","0.90535","0.90535","0.90535","0.84272","0.84272","0.84272"
"57","0.58063","0.58063","0.58063","0.71838","0.71838","0.71838","0.91103","0.91103","0.91103","0.86729","0.86729","0.86729"
"58","0.58958","0.58958","0.58958","0.71549","0.71549","0.71549","0.88362","0.88362","0.88362","0.77831","0.77831","0.77831"
"59","0.57733","0.57733","0.57733","0.74112","0.74112","0.74112","0.86767","0.86767","0.86767","0.84379","0.84379","0.84379"
"60","0.61354","0.61354","0.61354","0.75283","0.75283","0.75283","0.8721","0.8721","0.8721","0.79204","0.79204","0.79204"
"61","0.61223","0.61223","0.61223","0.73825","0.73825","0.73825","0.87079","0.87079","0.87079","0.8116","0.8116","0.8116"
"62","0.57341","0.57341","0.57341","0.70429","0.70429","0.70429","0.82671","0.82671","0.82671","0.79876","0.79876","0.79876"
"63","0.58466","0.58466","0.58466","0.70743","0.70743","0.70743","0.82006","0.82006","0.82006","0.83899","0.83899","0.83899"
"64","0.59861","0.59861","0.59861","0.72005","0.72005","0.72005","0.8317","0.8317","0.8317","0.78503","0.78503","0.78503"
"65","0.59528","0.59528","0.59528","0.6964","0.6964","0.6964","0.84005","0.84005","0.84005","0.82588","0.82588","0.82588"
"66","0.59978","0.59978","0.59978","0.70133","0.70133","0.70133","0.81677","0.81677","0.81677","0.79983","0.79983","0.79983"
"67","0.58271","0.58271","0.58271","0.68085","0.68085","0.68085","0.82278","0.82278","0.82278","0.80137","0.80137","0.80137"
"68","0.59034","0.59034","0.59034","0.72115","0.72115","0.72115","0.79139","0.79139","0.79139","0.78912","0.78912","0.78912"
"69","0.55659","0.55659","0.55659","0.69833","0.69833","0.69833","0.83402","0.83402","0.83402","0.75247","0.75247","0.75247"
"70","0.57829","0.57829","0.57829","0.70834","0.70834","0.70834","0.81687","0.81687","0.81687","0.73597","0.73597","0.73597"
"71","0.57493","0.57493","0.57493","0.68379","0.68379","0.68379","0.80666","0.80666","0.80666","0.74886","0.74886","0.74886"
"72","0.55892","0.55892","0.55892","0.70263","0.70263","0.70263","0.81191","0.81191","0.81191","0.76309","0.76309","0.76309"
"73","0.55883","0.55883","0.55883","0.68899","0.68899","0.68899","0.8145","0.8145","0.8145","0.74885","0.74885","0.74885"
"74","0.54599","0.54599","0.54599","0.66341","0.66341","0.66341","0.80483","0.80483","0.80483","0.7377","0.7377","0.7377"
"75","0.53411","0.53411","0.53411","0.66514","0.66514","0.66514","0.78349","0.78349","0.78349","0.75833","0.75833","0.75833"
"76","0.53292","0.53292","0.53292","0.65562","0.65562","0.65562","0.78656","0.78656","0.78656","0.73641","0.73641","0.73641"
"77","0.55602","0.55602","0.55602","0.67436","0.67436","0.67436","0.78395","0.78395","0.78395","0.73554","0.73554","0.73554"
"78","0.58529","0.58529","0.58529","0.67384","0.67384","0.67384","0.82386","0.82386","0.82386","0.72656","0.72656","0.72656"
"79","0.58293","0.58293","0.58293","0.6849","0.6849","0.6849","0.80691","0.80691","0.80691","0.71288","0.71288","0.71288"
"80","0.55331","0.55331","0.55331","0.65198","0.65198","0.65198","0.76163","0.76163","0.76163","0.73165","0.73165","0.73165"
"81","0.53691","0.53691","0.53691","0.6602","0.6602","0.6602","0.77449","0.77449","0.77449","0.72552","0.72552","0.72552"
"82","0.53386","0.53386","0.53386","0.63598","0.63598","0.63598","0.74669","0.74669","0.74669","0.69914","0.69914","0.69914"
"83","0.55199","0.55199","0.55199","0.65198","0.65198","0.65198","0.77838","0.77838","0.77838","0.74275","0.74275","0.74275"
"84","0.54242","0.54242","0.54242","0.66529","0.66529","0.66529","0.75529","0.75529","0.75529","0.71893","0.71893","0.71893"
"85","0.54249","0.54249","0.54249","0.64116","0.64116","0.64116","0.73057","0.73057","0.73057","0.75381","0.75381","0.75381"
"86","0.53567","0.53567","0.53567","0.66291","0.66291","0.66291","0.76609","0.76609","0.76609","0.68879","0.68879","0.68879"
"87","0.52777","0.52777","0.52777","0.61994","0.61994","0.61994","0.73319","0.73319","0.73319","0.69387","0.69387","0.69387"
"88","0.53209","0.53209","0.53209","0.62545","0.62545","0.62545","0.74612","0.74612","0.74612","0.67544","0.67544","0.67544"
"89","0.54552","0.54552","0.54552","0.6441","0.6441","0.6441","0.72565","0.72565","0.72565","0.66934","0.66934","0.66934"
"90","0.52532","0.52532","0.52532","0.63327","0.63327","0.63327","0.71218","0.71218","0.71218","0.68292","0.68292","0.68292"
"91","0.5115","0.5115","0.5115","0.63977","0.63977","0.63977","0.68914","0.68914","0.68914","0.69227","0.69227","0.69227"
"92","0.51011","0.51011","0.51011","0.63633","0.63633","0.63633","0.67397","0.67397","0.67397","0.70922","0.70922","0.70922"
"93","0.50412","0.50412","0.50412","0.60732","0.60732","0.60732","0.70897","0.70897","0.70897","0.65922","0.65922","0.65922"
"94","0.51456","0.51456","0.51456","0.61068","0.61068","0.61068","0.69961","0.69961","0.69961","0.70549","0.70549","0.70549"
"95","0.52274","0.52274","0.52274","0.6011","0.6011","0.6011","0.69552","0.69552","0.69552","0.69101","0.69101","0.69101"
"96","0.53918","0.53918","0.53918","0.63605","0.63605","0.63605","0.68266","0.68266","0.68266","0.71226","0.71226","0.71226"
"97","0.54197","0.54197","0.54197","0.6126","0.6126","0.6126","0.7303","0.7303","0.7303","0.69946","0.69946","0.69946"
"98","0.5306","0.5306","0.5306","0.62554","0.62554","0.62554","0.68463","0.68463","0.68463","0.70211","0.70211","0.70211"
"99","0.51204","0.51204","0.51204","0.59541","0.59541","0.59541","0.71835","0.71835","0.71835","0.67926","0.67926","0.67926"
"100","0.53415","0.53415","0.53415","0.63341","0.63341","0.63341","0.67675","0.67675","0.67675","0.65089","0.65089","0.65089"
"101","0.52627","0.52627","0.52627","0.64797","0.64797","0.64797","0.69305","0.69305","0.69305","0.64842","0.64842","0.64842"
"102","0.49061","0.49061","0.49061","0.59261","0.59261","0.59261","0.64554","0.64554","0.64554","0.64828","0.64828","0.64828"
"103","0.49116","0.49116","0.49116","0.61467","0.61467","0.61467","0.66783","0.66783","0.66783","0.66252","0.66252","0.66252"
"104","0.50914","0.50914","0.50914","0.6052","0.6052","0.6052","0.69116","0.69116","0.69116","0.67322","0.67322","0.67322"
"105","0.49349","0.49349","0.49349","0.60072","0.60072","0.60072","0.67633","0.67633","0.67633","0.70474","0.70474","0.70474"
"106","0.49919","0.49919","0.49919","0.58174","0.58174","0.58174","0.65706","0.65706","0.65706","0.6954","0.6954","0.6954"
"107","0.51046","0.51046","0.51046","0.60767","0.60767","0.60767","0.67816","0.67816","0.67816","0.67521","0.67521","0.67521"
"108","0.51707","0.51707","0.51707","0.61906","0.61906","0.61906","0.68954","0.68954","0.68954","0.65012","0.65012","0.65012"
"109","0.52093","0.52093","0.52093","0.60602","0.60602","0.60602","0.67452","0.67452","0.67452","0.6711","0.6711","0.6711"
"110","0.51992","0.51992","0.51992","0.58841","0.58841","0.58841","0.66422","0.66422","0.66422","0.65213","0.65213","0.65213"
"111","0.51682","0.51682","0.51682","0.57813","0.57813","0.57813","0.66995","0.66995","0.66995","0.67775","0.67775","0.67775"
"112","0.51419","0.51419","0.51419","0.58943","0.58943","0.58943","0.66636","0.66636","0.66636","0.64758","0.64758","0.64758"
"113","0.52037","0.52037","0.52037","0.60188","0.60188","0.60188","0.66886","0.66886","0.66886","0.65876","0.65876","0.65876"
"114","0.50308","0.50308","0.50308","0.61571","0.61571","0.61571","0.6641","0.6641","0.6641","0.61717","0.61717","0.61717"
"115","0.5181","0.5181","0.5181","0.62178","0.62178","0.62178","0.66713","0.66713","0.66713","0.63463","0.63463","0.63463"
"116","0.49493","0.49493","0.49493","0.58042","0.58042","0.58042","0.6567","0.6567","0.6567","0.6617","0.6617","0.6617"
"117","0.48821","0.48821","0.48821","0.57747","0.57747","0.57747","0.66841","0.66841","0.66841","0.62319","0.62319","0.62319"
"118","0.48318","0.48318","0.48318","0.57393","0.57393","0.57393","0.66473","0.66473","0.66473","0.63227","0.63227","0.63227"
"119","0.50088","0.50088","0.50088","0.57718","0.57718","0.57718","0.63643","0.63643","0.63643","0.6244","0.6244","0.6244"
"120","0.51301","0.51301","0.51301","0.58098","0.58098","0.58098","0.65481","0.65481","0.65481","0.63238","0.63238","0.63238"
"121","0.51169","0.51169","0.51169","0.57517","0.57517","0.57517","0.67269","0.67269","0.67269","0.64194","0.64194","0.64194"
"122","0.5025","0.5025","0.5025","0.57165","0.57165","0.57165","0.65538","0.65538","0.65538","0.64265","0.64265","0.64265"
"123","0.51863","0.51863","0.51863","0.57608","0.57608","0.57608","0.65215","0.65215","0.65215","0.61901","0.61901","0.61901"
"124","0.48014","0.48014","0.48014","0.54927","0.54927","0.54927","0.65028","0.65028","0.65028","0.63011","0.63011","0.63011"
"125","0.48788","0.48788","0.48788","0.55592","0.55592","0.55592","0.65634","0.65634","0.65634","0.60908","0.60908","0.60908"
"126","0.48804","0.48804","0.48804","0.55306","0.55306","0.55306","0.64583","0.64583","0.64583","0.58167","0.58167","0.58167"
"127","0.49436","0.49436","0.49436","0.54343","0.54343","0.54343","0.65735","0.65735","0.65735","0.59581","0.59581","0.59581"
"128","0.47451","0.47451","0.47451","0.5319","0.5319","0.5319","0.65311","0.65311","0.65311","0.6109","0.6109","0.6109"
"129","0.50457","0.50457","0.50457","0.55324","0.55324","0.55324","0.63221","0.63221","0.63221","0.62036","0.62036","0.62036"
"130","0.49188","0.49188","0.49188","0.55589","0.55589","0.55589","0.6333","0.6333","0.6333","0.58113","0.58113","0.58113"
"131","0.48536","0.48536","0.48536","0.54934","0.54934","0.54934","0.6378","0.6378","0.6378","0.58468","0.58468","0.58468"
"132","0.47375","0.47375","0.47375","0.55261","0.55261","0.55261","0.63414","0.63414","0.63414","0.57805","0.57805","0.57805"
"133","0.49035","0.49035","0.49035","0.55521","0.55521","0.55521","0.61055","0.61055","0.61055","0.56822","0.56822","0.56822"
"134","0.49145","0.49145","0.49145","0.54958","0.54958","0.54958","0.62717","0.62717","0.62717","0.58733","0.58733","0.58733"
"135","0.49408","0.49408","0.49408","0.56534","0.56534","0.56534","0.61402","0.61402","0.61402","0.6139","0.6139","0.6139"
"136","0.48681","0.48681","0.48681","0.56702","0.56702","0.56702","0.6282","0.6282","0.6282","0.57616","0.57616","0.57616"
"137","0.47234","0.47234","0.47234","0.53939","0.53939","0.53939","0.59859","0.59859","0.59859","0.60303","0.60303","0.60303"
"138","0.48417","0.48417","0.48417","0.54834","0.54834","0.54834","0.6165","0.6165","0.6165","0.57119","0.57119","0.57119"
"139","0.48434","0.48434","0.48434","0.56038","0.56038","0.56038","0.62747","0.62747","0.62747","0.5685","0.5685","0.5685"
"140","0.46714","0.46714","0.46714","0.52047","0.52047","0.52047","0.62228","0.62228","0.62228","0.61572","0.61572","0.61572"
"141","0.47931","0.47931","0.47931","0.54544","0.54544","0.54544","0.63522","0.63522","0.63522","0.62547","0.62547","0.62547"
"142","0.48039","0.48039","0.48039","0.53113","0.53113","0.53113","0.61095","0.61095","0.61095","0.60462","0.60462","0.60462"
"143","0.48169","0.48169","0.48169","0.5402","0.5402","0.5402","0.60876","0.60876","0.60876","0.58634","0.58634","0.58634"
"144","0.48819","0.48819","0.48819","0.5604","0.5604","0.5604","0.6064","0.6064","0.6064","0.57648","0.57648","0.57648"
"145","0.48761","0.48761","0.48761","0.56301","0.56301","0.56301","0.61689","0.61689","0.61689","0.56263","0.56263","0.56263"
"146","0.46862","0.46862","0.46862","0.53576","0.53576","0.53576","0.60807","0.60807","0.60807","0.59264","0.59264","0.59264"
"147","0.45915","0.45915","0.45915","0.54987","0.54987","0.54987","0.60003","0.60003","0.60003","0.62139","0.62139","0.62139"
"148","0.47469","0.47469","0.47469","0.54585","0.54585","0.54585","0.62399","0.62399","0.62399","0.58998","0.58998","0.58998"
"149","0.46609","0.46609","0.46609","0.53113","0.53113","0.53113","0.58288","0.58288","0.58288","0.59774","0.59774","0.59774"
"150","0.46675","0.46675","0.46675","0.52649","0.52649","0.52649","0.59603","0.59603","0.59603","0.57853","0.57853","0.57853"
"151","0.46657","0.46657","0.46657","0.52532","0.52532","0.52532","0.60153","0.60153","0.60153","0.56631","0.56631","0.56631"
"152","0.47775","0.47775","0.47775","0.5413","0.5413","0.5413","0.61254","0.61254","0.61254","0.58519","0.58519","0.58519"
"153","0.47805","0.47805","0.47805","0.54357","0.54357","0.54357","0.58978","0.58978","0.58978","0.56226","0.56226","0.56226"
"154","0.48425","0.48425","0.48425","0.55242","0.55242","0.55242","0.62177","0.62177","0.62177","0.59079","0.59079","0.59079"
"155","0.48293","0.48293","0.48293","0.55171","0.55171","0.55171","0.60259","0.60259","0.60259","0.58525","0.58525","0.58525"
"156","0.4446","0.4446","0.4446","0.53757","0.53757","0.53757","0.58099","0.58099","0.58099","0.59585","0.59585","0.59585"
"157","0.45815","0.45815","0.45815","0.53573","0.53573","0.53573","0.61064","0.61064","0.61064","0.5469","0.5469","0.5469"
"158","0.47443","0.47443","0.47443","0.56306","0.56306","0.56306","0.58441","0.58441","0.58441","0.56835","0.56835","0.56835"
"159","0.44748","0.44748","0.44748","0.53213","0.53213","0.53213","0.58048","0.58048","0.58048","0.58978","0.58978","0.58978"
"160","0.45176","0.45176","0.45176","0.53338","0.53338","0.53338","0.58924","0.58924","0.58924","0.55853","0.55853","0.55853"
"161","0.45053","0.45053","0.45053","0.52917","0.52917","0.52917","0.60002","0.60002","0.60002","0.58326","0.58326","0.58326"
"162","0.45609","0.45609","0.45609","0.51625","0.51625","0.51625","0.58333","0.58333","0.58333","0.56614","0.56614","0.56614"
"163","0.45841","0.45841","0.45841","0.51745","0.51745","0.51745","0.58734","0.58734","0.58734","0.56397","0.56397","0.56397"
"164","0.46124","0.46124","0.46124","0.52295","0.52295","0.52295","0.58532","0.58532","0.58532","0.56276","0.56276","0.56276"
"165","0.45404","0.45404","0.45404","0.5175","0.5175","0.5175","0.55975","0.55975","0.55975","0.58143","0.58143","0.58143"
"166","0.43889","0.43889","0.43889","0.51184","0.51184","0.51184","0.5631","0.5631","0.5631","0.59004","0.59004","0.59004"
"167","0.46288","0.46288","0.46288","0.51848","0.51848","0.51848","0.56061","0.56061","0.56061","0.58329","0.58329","0.58329"
"168","0.44761","0.44761","0.44761","0.51309","0.51309","0.51309","0.58511","0.58511","0.58511","0.55177","0.55177","0.55177"
"169","0.4487","0.4487","0.4487","0.5106","0.5106","0.5106","0.54241","0.54241","0.54241","0.55742","0.55742","0.55742"
"170","0.45963","0.45963","0.45963","0.51527","0.51527","0.51527","0.57792","0.57792","0.57792","0.55077","0.55077","0.55077"
"171","0.47362","0.47362","0.47362","0.51707","0.51707","0.51707","0.58666","0.58666","0.58666","0.53356","0.53356","0.53356"
"172","0.46553","0.46553","0.46553","0.50768","0.50768","0.50768","0.59156","0.59156","0.59156","0.53072","0.53072","0.53072"
"173","0.46738","0.46738","0.46738","0.51316","0.51316","0.51316","0.5962","0.5962","0.5962","0.55905","0.55905","0.55905"
"174","0.46396","0.46396","0.46396","0.50572","0.50572","0.50572","0.56269","0.56269","0.56269","0.56411","0.56411","0.56411"
"175","0.44186","0.44186","0.44186","0.51176","0.51176","0.51176","0.57787","0.57787","0.57787","0.55809","0.55809","0.55809"
"176","0.44702","0.44702","0.44702","0.50994","0.50994","0.50994","0.58018","0.58018","0.58018","0.55504","0.55504","0.55504"
"177","0.45304","0.45304","0.45304","0.52465","0.52465","0.52465","0.58493","0.58493","0.58493","0.52877","0.52877","0.52877"
"178","0.44955","0.44955","0.44955","0.52088","0.52088","0.52088","0.58874","0.58874","0.58874","0.53164","0.53164","0.53164"
"179","0.44885","0.44885","0.44885","0.51119","0.51119","0.51119","0.56705","0.56705","0.56705","0.56402","0.56402","0.56402"
"180","0.44307","0.44307","0.44307","0.50534","0.50534","0.50534","0.55778","0.55778","0.55778","0.53634","0.53634","0.53634"
"181","0.45055","0.45055","0.45055","0.51884","0.51884","0.51884","0.55343","0.55343","0.55343","0.54778","0.54778","0.54778"
"182","0.4462","0.4462","0.4462","0.50859","0.50859","0.50859","0.54055","0.54055","0.54055","0.54351","0.54351","0.54351"
"183","0.44257","0.44257","0.44257","0.50623","0.50623","0.50623","0.55434","0.55434","0.55434","0.53291","0.53291","0.53291"
"184","0.44042","0.44042","0.44042","0.49451","0.49451","0.49451","0.5768","0.5768","0.5768","0.54819","0.54819","0.54819"
"185","0.44865","0.44865","0.44865","0.49174","0.49174","0.49174","0.53552","0.53552","0.53552","0.53901","0.53901","0.53901"
"186","0.44494","0.44494","0.44494","0.48705","0.48705","0.48705","0.55366","0.55366","0.55366","0.53343","0.53343","0.53343"
"187","0.43898","0.43898","0.43898","0.49812","0.49812","0.49812","0.54379","0.54379","0.54379","0.52344","0.52344","0.52344"
"188","0.44016","0.44016","0.44016","0.5087","0.5087","0.5087","0.56216","0.56216","0.56216","0.51908","0.51908","0.51908"
"189","0.44364","0.44364","0.44364","0.5106","0.5106","0.5106","0.54834","0.54834","0.54834","0.52796","0.52796","0.52796"
"190","0.4405","0.4405","0.4405","0.49764","0.49764","0.49764","0.54957","0.54957","0.54957","0.50919","0.50919","0.50919"
"191","0.44579","0.44579","0.44579","0.47562","0.47562","0.47562","0.548","0.548","0.548","0.52081","0.52081","0.52081"
"192","0.43587","0.43587","0.43587","0.4829","0.4829","0.4829","0.5364","0.5364","0.5364","0.51059","0.51059","0.51059"
"193","0.43141","0.43141","0.43141","0.48282","0.48282","0.48282","0.55502","0.55502","0.55502","0.52715","0.52715","0.52715"
"194","0.43422","0.43422","0.43422","0.50146","0.50146","0.50146","0.54149","0.54149","0.54149","0.51439","0.51439","0.51439"
"195","0.4322","0.4322","0.4322","0.48476","0.48476","0.48476","0.55659","0.55659","0.55659","0.53128","0.53128","0.53128"
"196","0.43085","0.43085","0.43085","0.49485","0.49485","0.49485","0.55052","0.55052","0.55052","0.52514","0.52514","0.52514"
"197","0.44531","0.44531","0.44531","0.49133","0.49133","0.49133","0.54407","0.54407","0.54407","0.53548","0.53548","0.53548"
"198","0.42748","0.42748","0.42748","0.49461","0.49461","0.49461","0.54996","0.54996","0.54996","0.52455","0.52455","0.52455"
"199","0.43159","0.43159","0.43159","0.49712","0.49712","0.49712","0.53153","0.53153","0.53153","0.50731","0.50731","0.50731"
"200","0.43547","0.43547","0.43547","0.48124","0.48124","0.48124","0.56098","0.56098","0.56098","0.50819","0.50819","0.50819"
"201","0.42382","0.42382","0.42382","0.48131","0.48131","0.48131","0.53111","0.53111","0.53111","0.52762","0.52762","0.52762"
"202","0.42455","0.42455","0.42455","0.487","0.487","0.487","0.52115","0.52115","0.52115","0.51047","0.51047","0.51047"
"203","0.43519","0.43519","0.43519","0.47924","0.47924","0.47924","0.53365","0.53365","0.53365","0.53982","0.53982","0.53982"
"204","0.41987","0.41987","0.41987","0.49095","0.49095","0.49095","0.52249","0.52249","0.52249","0.53568","0.53568","0.53568"
"205","0.41977","0.41977","0.41977","0.47245","0.47245","0.47245","0.53145","0.53145","0.53145","0.51397","0.51397","0.51397"
"206","0.44689","0.44689","0.44689","0.48582","0.48582","0.48582","0.52269","0.52269","0.52269","0.52682","0.52682","0.52682"
"207","0.44011","0.44011","0.44011","0.4943","0.4943","0.4943","0.51919","0.51919","0.51919","0.53641","0.53641","0.53641"
"208","0.42988","0.42988","0.42988","0.48422","0.48422","0.48422","0.51603","0.51603","0.51603","0.52198","0.52198","0.52198"
"209","0.42408","0.42408","0.42408","0.47806","0.47806","0.47806","0.52517","0.52517","0.52517","0.52244","0.52244","0.52244"
"210","0.42686","0.42686","0.42686","0.48998","0.48998","0.48998","0.54185","0.54185","0.54185","0.52499","0.52499","0.52499"
"211","0.43077","0.43077","0.43077","0.48492","0.48492","0.48492","0.52208","0.52208","0.52208","0.52227","0.52227","0.52227"
"212","0.41604","0.41604","0.41604","0.47211","0.47211","0.47211","0.51628","0.51628","0.51628","0.53139","0.53139","0.53139"
"213","0.42643","0.42643","0.42643","0.47234","0.47234","0.47234","0.52224","0.52224","0.52224","0.49198","0.49198","0.49198"
"214","0.42363","0.42363","0.42363","0.45877","0.45877","0.45877","0.52344","0.52344","0.52344","0.50225","0.50225","0.50225"
"215","0.41528","0.41528","0.41528","0.4705","0.4705","0.4705","0.52928","0.52928","0.52928","0.51337","0.51337","0.51337"
"216","0.4229","0.4229","0.4229","0.45265","0.45265","0.45265","0.5016","0.5016","0.5016","0.50319","0.50319","0.50319"
"217","0.42226","0.42226","0.42226","0.47169","0.47169","0.47169","0.50754","0.50754","0.50754","0.51789","0.51789","0.51789"
"218","0.43322","0.43322","0.43322","0.47095","0.47095","0.47095","0.53251","0.53251","0.53251","0.49271","0.49271","0.49271"
"219","0.41972","0.41972","0.41972","0.46025","0.46025","0.46025","0.52262","0.52262","0.52262","0.49531","0.49531","0.49531"
"220","0.42301","0.42301","0.42301","0.475","0.475","0.475","0.53645","0.53645","0.53645","0.52365","0.52365","0.52365"
"221","0.42618","0.42618","0.42618","0.47882","0.47882","0.47882","0.51549","0.51549","0.51549","0.4951","0.4951","0.4951"
"222","0.41454","0.41454","0.41454","0.46715","0.46715","0.46715","0.51866","0.51866","0.51866","0.53976","0.53976","0.53976"
"223","0.42339","0.42339","0.42339","0.46775","0.46775","0.46775","0.52269","0.52269","0.52269","0.51067","0.51067","0.51067"
"224","0.41732","0.41732","0.41732","0.46904","0.46904","0.46904","0.49617","0.49617","0.49617","0.5078","0.5078","0.5078"
"225","0.4266","0.4266","0.4266","0.46066","0.46066","0.46066","0.49558","0.49558","0.49558","0.4936","0.4936","0.4936"
"226","0.4122","0.4122","0.4122","0.45726","0.45726","0.45726","0.51265","0.51265","0.51265","0.48733","0.48733","0.48733"
"227","0.41407","0.41407","0.41407","0.45758","0.45758","0.45758","0.51832","0.51832","0.51832","0.50525","0.50525","0.50525"
"228","0.42015","0.42015","0.42015","0.46058","0.46058","0.46058","0.50006","0.50006","0.50006","0.50318","0.50318","0.50318"
"229","0.41771","0.41771","0.41771","0.45203","0.45203","0.45203","0.50854","0.50854","0.50854","0.50262","0.50262","0.50262"
"230","0.4062","0.4062","0.4062","0.45049","0.45049","0.45049","0.48836","0.48836","0.48836","0.49028","0.49028","0.49028"
"231","0.39798","0.39798","0.39798","0.44328","0.44328","0.44328","0.49956","0.49956","0.49956","0.4797","0.4797","0.4797"
"232","0.43296","0.43296","0.43296","0.47009","0.47009","0.47009","0.503","0.503","0.503","0.52558","0.52558","0.52558"
"233","0.42112","0.42112","0.42112","0.44684","0.44684","0.44684","0.49706","0.49706","0.49706","0.53569","0.53569","0.53569"
"234","0.42328","0.42328","0.42328","0.44803","0.44803","0.44803","0.51306","0.51306","0.51306","0.4872","0.4872","0.4872"
"235","0.41748","0.41748","0.41748","0.44242","0.44242","0.44242","0.50585","0.50585","0.50585","0.49487","0.49487","0.49487"
"236","0.41243","0.41243","0.41243","0.43014","0.43014","0.43014","0.50172","0.50172","0.50172","0.4916","0.4916","0.4916"
"237","0.4286","0.4286","0.4286","0.45859","0.45859","0.45859","0.51354","0.51354","0.51354","0.50739","0.50739","0.50739"
"238","0.41826","0.41826","0.41826","0.44668","0.44668","0.44668","0.50541","0.50541","0.50541","0.49972","0.49972","0.49972"
"239","0.40534","0.40534","0.40534","0.43355","0.43355","0.43355","0.48864","0.48864","0.48864","0.48472","0.48472","0.48472"
"240","0.40348","0.40348","0.40348","0.44682","0.44682","0.44682","0.48826","0.48826","0.48826","0.46881","0.46881","0.46881"
"241","0.411","0.411","0.411","0.44929","0.44929","0.44929","0.48995","0.48995","0.48995","0.48448","0.48448","0.48448"
"242","0.42116","0.42116","0.42116","0.45052","0.45052","0.45052","0.48952","0.48952","0.48952","0.48374","0.48374","0.48374"
"243","0.40782","0.40782","0.40782","0.44881","0.44881","0.44881","0.47719","0.47719","0.47719","0.49059","0.49059","0.49059"
"244","0.4078","0.4078","0.4078","0.44711","0.44711","0.44711","0.49898","0.49898","0.49898","0.50387","0.50387","0.50387"
"245","0.41183","0.41183","0.41183","0.44798","0.44798","0.44798","0.48705","0.48705","0.48705","0.47879","0.47879","0.47879"
"246","0.40465","0.40465","0.40465","0.45503","0.45503","0.45503","0.48538","0.48538","0.48538","0.50686","0.50686","0.50686"
"247","0.39443","0.39443","0.39443","0.43199","0.43199","0.43199","0.47577","0.47577","0.47577","0.48912","0.48912","0.48912"
"248","0.39674","0.39674","0.39674","0.43403","0.43403","0.43403","0.48877","0.48877","0.48877","0.4731","0.4731","0.4731"
"249","0.40716","0.40716","0.40716","0.43871","0.43871","0.43871","0.4915","0.4915","0.4915","0.49412","0.49412","0.49412"
"250","0.39938","0.39938","0.39938","0.44098","0.44098","0.44098","0.47312","0.47312","0.47312","0.4827","0.4827","0.4827"
"251","0.40233","0.40233","0.40233","0.44452","0.44452","0.44452","0.48061","0.48061","0.48061","0.49708","0.49708","0.49708"
"252","0.39314","0.39314","0.39314","0.4565","0.4565","0.4565","0.50692","0.50692","0.50692","0.49813","0.49813","0.49813"
"253","0.40147","0.40147","0.40147","0.46063","0.46063","0.46063","0.50475","0.50475","0.50475","0.5126","0.5126","0.5126"
"254","0.40787","0.40787","0.40787","0.45464","0.45464","0.45464","0.48677","0.48677","0.48677","0.48905","0.48905","0.48905"
"255","0.40319","0.40319","0.40319","0.4591","0.4591","0.4591","0.48015","0.48015","0.48015","0.48945","0.48945","0.48945"
"256","0.40502","0.40502","0.40502","0.44302","0.44302","0.44302","0.4867","0.4867","0.4867","0.50263","0.50263","0.50263"
"257","0.40524","0.40524","0.40524","0.44657","0.44657","0.44657","0.48238","0.48238","0.48238","0.47502","0.47502","0.47502"
"258","0.41608","0.41608","0.41608","0.45579","0.45579","0.45579","0.48697","0.48697","0.48697","0.47635","0.47635","0.47635"
"259","0.39698","0.39698","0.39698","0.44294","0.44294","0.44294","0.49838","0.49838","0.49838","0.46631","0.46631","0.46631"
"260","0.38524","0.38524","0.38524","0.42913","0.42913","0.42913","0.46646","0.46646","0.46646","0.48099","0.48099","0.48099"
"261","0.39345","0.39345","0.39345","0.44309","0.44309","0.44309","0.46901","0.46901","0.46901","0.47872","0.47872","0.47872"
"262","0.39563","0.39563","0.39563","0.43587","0.43587","0.43587","0.47679","0.47679","0.47679","0.48899","0.48899","0.48899"
"263","0.39027","0.39027","0.39027","0.43665","0.43665","0.43665","0.47868","0.47868","0.47868","0.43724","0.43724","0.43724"
"264","0.39066","0.39066","0.39066","0.43197","0.43197","0.43197","0.48483","0.48483","0.48483","0.47338","0.47338","0.47338"
"265","0.39374","0.39374","0.39374","0.44017","0.44017","0.44017","0.49031","0.49031","0.49031","0.48015","0.48015","0.48015"
"266","0.39051","0.39051","0.39051","0.4372","0.4372","0.4372","0.47897","0.47897","0.47897","0.48963","0.48963","0.48963"
"267","0.39482","0.39482","0.39482","0.43985","0.43985","0.43985","0.47539","0.47539","0.47539","0.4761","0.4761","0.4761"
"268","0.40563","0.40563","0.40563","0.44402","0.44402","0.44402","0.48707","0.48707","0.48707","0.47247","0.47247","0.47247"
"269","0.39022","0.39022","0.39022","0.43032","0.43032","0.43032","0.4806","0.4806","0.4806","0.47149","0.47149","0.47149"
"270","0.38487","0.38487","0.38487","0.44264","0.44264","0.44264","0.47094","0.47094","0.47094","0.48362","0.48362","0.48362"
"271","0.40436","0.40436","0.40436","0.44565","0.44565","0.44565","0.4749","0.4749","0.4749","0.47219","0.47219","0.47219"
"272","0.40487","0.40487","0.40487","0.44822","0.44822","0.44822","0.46685","0.46685","0.46685","0.4685","0.4685","0.4685"
"273","0.39286","0.39286","0.39286","0.42957","0.42957","0.42957","0.47218","0.47218","0.47218","0.46841","0.46841","0.46841"
"274","0.39054","0.39054","0.39054","0.43145","0.43145","0.43145","0.48064","0.48064","0.48064","0.47376","0.47376","0.47376"
"275","0.37798","0.37798","0.37798","0.41752","0.41752","0.41752","0.47683","0.47683","0.47683","0.47996","0.47996","0.47996"
"276","0.38708","0.38708","0.38708","0.43005","0.43005","0.43005","0.46663","0.46663","0.46663","0.47138","0.47138","0.47138"
"277","0.39244","0.39244","0.39244","0.43954","0.43954","0.43954","0.47002","0.47002","0.47002","0.47123","0.47123","0.47123"
"278","0.37839","0.37839","0.37839","0.42419","0.42419","0.42419","0.46018","0.46018","0.46018","0.46351","0.46351","0.46351"
"279","0.38584","0.38584","0.38584","0.42513","0.42513","0.42513","0.47717","0.47717","0.47717","0.46641","0.46641","0.46641"
"280","0.39861","0.39861","0.39861","0.42755","0.42755","0.42755","0.48476","0.48476","0.48476","0.48565","0.48565","0.48565"
"281","0.39514","0.39514","0.39514","0.44169","0.44169","0.44169","0.47314","0.47314","0.47314","0.47966","0.47966","0.47966"
"282","0.3888","0.3888","0.3888","0.43127","0.43127","0.43127","0.48112","0.48112","0.48112","0.47114","0.47114","0.47114"
"283","0.39268","0.39268","0.39268","0.41941","0.41941","0.41941","0.45412","0.45412","0.45412","0.44577","0.44577","0.44577"
"284","0.38652","0.38652","0.38652","0.41984","0.41984","0.41984","0.46583","0.46583","0.46583","0.45352","0.45352","0.45352"
"285","0.39152","0.39152","0.39152","0.41665","0.41665","0.41665","0.47181","0.47181","0.47181","0.44804","0.44804","0.44804"
"286","0.39343","0.39343","0.39343","0.42853","0.42853","0.42853","0.45663","0.45663","0.45663","0.45491","0.45491","0.45491"
"287","0.37611","0.37611","0.37611","0.41697","0.41697","0.41697","0.45743","0.45743","0.45743","0.43895","0.43895","0.43895"
"288","0.37173","0.37173","0.37173","0.41184","0.41184","0.41184","0.46111","0.46111","0.46111","0.44081","0.44081","0.44081"
"289","0.37476","0.37476","0.37476","0.40991","0.40991","0.40991","0.45787","0.45787","0.45787","0.46955","0.46955","0.46955"
"290","0.38473","0.38473","0.38473","0.4299","0.4299","0.4299","0.46032","0.46032","0.46032","0.45583","0.45583","0.45583"
"291","0.37875","0.37875","0.37875","0.40459","0.40459","0.40459","0.44662","0.44662","0.44662","0.46006","0.46006","0.46006"
"292","0.38717","0.38717","0.38717","0.42524","0.42524","0.42524","0.45285","0.45285","0.45285","0.46896","0.46896","0.46896"
"293","0.38318","0.38318","0.38318","0.42078","0.42078","0.42078","0.44494","0.44494","0.44494","0.45449","0.45449","0.45449"
"294","0.38376","0.38376","0.38376","0.40853","0.40853","0.40853","0.44709","0.44709","0.44709","0.46655","0.46655","0.46655"
"295","0.38961","0.38961","0.38961","0.42032","0.42032","0.42032","0.47586","0.47586","0.47586","0.46724","0.46724","0.46724"
"296","0.38008","0.38008","0.38008","0.41601","0.41601","0.41601","0.4761","0.4761","0.4761","0.4487","0.4487","0.4487"
"297","0.37563","0.37563","0.37563","0.41107","0.41107","0.41107","0.44497","0.44497","0.44497","0.46867","0.46867","0.46867"
"298","0.37447","0.37447","0.37447","0.40028","0.40028","0.40028","0.46547","0.46547","0.46547","0.438","0.438","0.438"
"299","0.38896","0.38896","0.38896","0.42506","0.42506","0.42506","0.46199","0.46199","0.46199","0.44318","0.44318","0.44318"
"300","0.38082","0.38082","0.38082","0.42696","0.42696","0.42696","0.4677","0.4677","0.4677","0.45035","0.45035","0.45035"
"301","0.39259","0.39259","0.39259","0.42324","0.42324","0.42324","0.46581","0.46581","0.46581","0.46132","0.46132","0.46132"
"302","0.38986","0.38986","0.38986","0.41909","0.41909","0.41909","0.44083","0.44083","0.44083","0.44762","0.44762","0.44762"
"303","0.387","0.387","0.387","0.41211","0.41211","0.41211","0.45185","0.45185","0.45185","0.44302","0.44302","0.44302"
"304","0.3894","0.3894","0.3894","0.42079","0.42079","0.42079","0.4559","0.4559","0.4559","0.43636","0.43636","0.43636"
"305","0.36127","0.36127","0.36127","0.40184","0.40184","0.40184","0.46334","0.46334","0.46334","0.45178","0.45178","0.45178"
"306","0.37353","0.37353","0.37353","0.41281","0.41281","0.41281","0.4491","0.4491","0.4491","0.43775","0.43775","0.43775"
"307","0.38161","0.38161","0.38161","0.41588","0.41588","0.41588","0.46227","0.46227","0.46227","0.44334","0.44334","0.44334"
"308","0.38384","0.38384","0.38384","0.41754","0.41754","0.41754","0.4474","0.4474","0.4474","0.46135","0.46135","0.46135"
"309","0.38092","0.38092","0.38092","0.4132","0.4132","0.4132","0.45871","0.45871","0.45871","0.44367","0.44367","0.44367"
"310","0.37092","0.37092","0.37092","0.40497","0.40497","0.40497","0.44758","0.44758","0.44758","0.45233","0.45233","0.45233"
"311","0.37402","0.37402","0.37402","0.40786","0.40786","0.40786","0.44858","0.44858","0.44858","0.44943","0.44943","0.44943"
"312","0.37268","0.37268","0.37268","0.40895","0.40895","0.40895","0.44442","0.44442","0.44442","0.44188","0.44188","0.44188"
"313","0.37916","0.37916","0.37916","0.40845","0.40845","0.40845","0.4402","0.4402","0.4402","0.44718","0.44718","0.44718"
"314","0.37346","0.37346","0.37346","0.40993","0.40993","0.40993","0.45978","0.45978","0.45978","0.44901","0.44901","0.44901"
"315","0.37904","0.37904","0.37904","0.41409","0.41409","0.41409","0.4413","0.4413","0.4413","0.46316","0.46316","0.46316"
"316","0.36992","0.36992","0.36992","0.41756","0.41756","0.41756","0.44402","0.44402","0.44402","0.45983","0.45983","0.45983"
"317","0.37106","0.37106","0.37106","0.40421","0.40421","0.40421","0.45275","0.45275","0.45275","0.44263","0.44263","0.44263"
"318","0.3732","0.3732","0.3732","0.40753","0.40753","0.40753","0.44977","0.44977","0.44977","0.45277","0.45277","0.45277"
"319","0.35753","0.35753","0.35753","0.39525","0.39525","0.39525","0.45187","0.45187","0.45187","0.43263","0.43263","0.43263"
"320","0.36516","0.36516","0.36516","0.40768","0.40768","0.40768","0.43043","0.43043","0.43043","0.44514","0.44514","0.44514"
"321","0.37178","0.37178","0.37178","0.41658","0.41658","0.41658","0.44411","0.44411","0.44411","0.44299","0.44299","0.44299"
"322","0.37558","0.37558","0.37558","0.40347","0.40347","0.40347","0.44369","0.44369","0.44369","0.45494","0.45494","0.45494"
"323","0.37862","0.37862","0.37862","0.40835","0.40835","0.40835","0.44982","0.44982","0.44982","0.43115","0.43115","0.43115"
"324","0.37002","0.37002","0.37002","0.40903","0.40903","0.40903","0.42772","0.42772","0.42772","0.43639","0.43639","0.43639"
"325","0.36264","0.36264","0.36264","0.39129","0.39129","0.39129","0.42466","0.42466","0.42466","0.42024","0.42024","0.42024"
"326","0.37301","0.37301","0.37301","0.40037","0.40037","0.40037","0.4199","0.4199","0.4199","0.43189","0.43189","0.43189"
"327","0.37673","0.37673","0.37673","0.40343","0.40343","0.40343","0.42869","0.42869","0.42869","0.43823","0.43823","0.43823"
"328","0.37597","0.37597","0.37597","0.40327","0.40327","0.40327","0.4504","0.4504","0.4504","0.45171","0.45171","0.45171"
"329","0.37284","0.37284","0.37284","0.39243","0.39243","0.39243","0.43691","0.43691","0.43691","0.45345","0.45345","0.45345"
"330","0.37745","0.37745","0.37745","0.39387","0.39387","0.39387","0.43279","0.43279","0.43279","0.42228","0.42228","0.42228"
"331","0.36224","0.36224","0.36224","0.39166","0.39166","0.39166","0.43559","0.43559","0.43559","0.41612","0.41612","0.41612"
"332","0.36157","0.36157","0.36157","0.39854","0.39854","0.39854","0.44394","0.44394","0.44394","0.41307","0.41307","0.41307"
"333","0.36715","0.36715","0.36715","0.40771","0.40771","0.40771","0.42763","0.42763","0.42763","0.41737","0.41737","0.41737"
"334","0.37327","0.37327","0.37327","0.40331","0.40331","0.40331","0.43754","0.43754","0.43754","0.44794","0.44794","0.44794"
"335","0.3593","0.3593","0.3593","0.39134","0.39134","0.39134","0.42862","0.42862","0.42862","0.43416","0.43416","0.43416"
"336","0.36358","0.36358","0.36358","0.39497","0.39497","0.39497","0.43464","0.43464","0.43464","0.43542","0.43542","0.43542"
"337","0.35454","0.35454","0.35454","0.38783","0.38783","0.38783","0.43069","0.43069","0.43069","0.40182","0.40182","0.40182"
"338","0.35014","0.35014","0.35014","0.38817","0.38817","0.38817","0.42425","0.42425","0.42425","0.4294","0.4294","0.4294"
"339","0.36378","0.36378","0.36378","0.40132","0.40132","0.40132","0.42963","0.42963","0.42963","0.41955","0.41955","0.41955"
"340","0.36863","0.36863","0.36863","0.4003","0.4003","0.4003","0.43079","0.43079","0.43079","0.44633","0.44633","0.44633"
"341","0.35271","0.35271","0.35271","0.38695","0.38695","0.38695","0.43149","0.43149","0.43149","0.4102","0.4102","0.4102"
"342","0.35645","0.35645","0.35645","0.38765","0.38765","0.38765","0.43372","0.43372","0.43372","0.43636","0.43636","0.43636"
"343","0.3604","0.3604","0.3604","0.40484","0.40484","0.40484","0.43984","0.43984","0.43984","0.41813","0.41813","0.41813"
"344","0.34763","0.34763","0.34763","0.38117","0.38117","0.38117","0.43176","0.43176","0.43176","0.43372","0.43372","0.43372"
"345","0.35792","0.35792","0.35792","0.38463","0.38463","0.38463","0.41229","0.41229","0.41229","0.42101","0.42101","0.42101"
"346","0.36978","0.36978","0.36978","0.41489","0.41489","0.41489","0.43097","0.43097","0.43097","0.41019","0.41019","0.41019"
"347","0.36823","0.36823","0.36823","0.39628","0.39628","0.39628","0.43808","0.43808","0.43808","0.4159","0.4159","0.4159"
"348","0.36275","0.36275","0.36275","0.39682","0.39682","0.39682","0.42035","0.42035","0.42035","0.41022","0.41022","0.41022"
"349","0.34983","0.34983","0.34983","0.37811","0.37811","0.37811","0.40348","0.40348","0.40348","0.39878","0.39878","0.39878"
"350","0.35464","0.35464","0.35464","0.3794","0.3794","0.3794","0.41409","0.41409","0.41409","0.4075","0.4075","0.4075"
"351","0.36083","0.36083","0.36083","0.39666","0.39666","0.39666","0.42939","0.42939","0.42939","0.45865","0.45865","0.45865"
"352","0.34976","0.34976","0.34976","0.38577","0.38577","0.38577","0.42189","0.42189","0.42189","0.41558","0.41558","0.41558"
"353","0.35607","0.35607","0.35607","0.3785","0.3785","0.3785","0.4047","0.4047","0.4047","0.42476","0.42476","0.42476"
"354","0.35546","0.35546","0.35546","0.38657","0.38657","0.38657","0.41599","0.41599","0.41599","0.43227","0.43227","0.43227"
"355","0.35901","0.35901","0.35901","0.38618","0.38618","0.38618","0.4233","0.4233","0.4233","0.39889","0.39889","0.39889"
"356","0.35438","0.35438","0.35438","0.37453","0.37453","0.37453","0.42636","0.42636","0.42636","0.41064","0.41064","0.41064"
"357","0.35919","0.35919","0.35919","0.38914","0.38914","0.38914","0.42791","0.42791","0.42791","0.41953","0.41953","0.41953"
"358","0.3556","0.3556","0.3556","0.40075","0.40075","0.40075","0.43437","0.43437","0.43437","0.42665","0.42665","0.42665"
"359","0.34913","0.34913","0.34913","0.3826","0.3826","0.3826","0.42208","0.42208","0.42208","0.41049","0.41049","0.41049"
"360","0.35869","0.35869","0.35869","0.39297","0.39297","0.39297","0.40264","0.40264","0.40264","0.40532","0.40532","0.40532"
"361","0.33629","0.33629","0.33629","0.36964","0.36964","0.36964","0.42304","0.42304","0.42304","0.40425","0.40425","0.40425"
"362","0.34895","0.34895","0.34895","0.37257","0.37257","0.37257","0.4205","0.4205","0.4205","0.39778","0.39778","0.39778"
"363","0.34749","0.34749","0.34749","0.37437","0.37437","0.37437","0.41405","0.41405","0.41405","0.42667","0.42667","0.42667"
"364","0.35754","0.35754","0.35754","0.379","0.379","0.379","0.42363","0.42363","0.42363","0.42119","0.42119","0.42119"
"365","0.35054","0.35054","0.35054","0.37195","0.37195","0.37195","0.41946","0.41946","0.41946","0.39009","0.39009","0.39009"
"366","0.34334","0.34334","0.34334","0.36312","0.36312","0.36312","0.41484","0.41484","0.41484","0.40865","0.40865","0.40865"
"367","0.34759","0.34759","0.34759","0.37518","0.37518","0.37518","0.40811","0.40811","0.40811","0.42697","0.42697","0.42697"
"368","0.3591","0.3591","0.3591","0.38885","0.38885","0.38885","0.41897","0.41897","0.41897","0.39968","0.39968","0.39968"
"369","0.3443","0.3443","0.3443","0.37364","0.37364","0.37364","0.41767","0.41767","0.41767","0.39789","0.39789","0.39789"
"370","0.34706","0.34706","0.34706","0.37873","0.37873","0.37873","0.4159","0.4159","0.4159","0.40927","0.40927","0.40927"
"371","0.3536","0.3536","0.3536","0.3856","0.3856","0.3856","0.42118","0.42118","0.42118","0.39421","0.39421","0.39421"
"372","0.34748","0.34748","0.34748","0.37602","0.37602","0.37602","0.40856","0.40856","0.40856","0.43111","0.43111","0.43111"
"373","0.34456","0.34456","0.34456","0.36815","0.36815","0.36815","0.39868","0.39868","0.39868","0.39729","0.39729","0.39729"
"374","0.33788","0.33788","0.33788","0.3643","0.3643","0.3643","0.40312","0.40312","0.40312","0.40022","0.40022","0.40022"
"375","0.34224","0.34224","0.34224","0.36577","0.36577","0.36577","0.39578","0.39578","0.39578","0.40342","0.40342","0.40342"
"376","0.33885","0.33885","0.33885","0.36438","0.36438","0.36438","0.40885","0.40885","0.40885","0.41187","0.41187","0.41187"
"377","0.3506","0.3506","0.3506","0.37651","0.37651","0.37651","0.40959","0.40959","0.40959","0.41011","0.41011","0.41011"
"378","0.33611","0.33611","0.33611","0.35867","0.35867","0.35867","0.40597","0.40597","0.40597","0.41945","0.41945","0.41945"
"379","0.33922","0.33922","0.33922","0.37098","0.37098","0.37098","0.40096","0.40096","0.40096","0.40806","0.40806","0.40806"
"380","0.34548","0.34548","0.34548","0.36778","0.36778","0.36778","0.40746","0.40746","0.40746","0.408","0.408","0.408"
"381","0.35123","0.35123","0.35123","0.38408","0.38408","0.38408","0.4208","0.4208","0.4208","0.4185","0.4185","0.4185"
"382","0.33053","0.33053","0.33053","0.35862","0.35862","0.35862","0.40614","0.40614","0.40614","0.40757","0.40757","0.40757"
"383","0.33187","0.33187","0.33187","0.36759","0.36759","0.36759","0.40313","0.40313","0.40313","0.41223","0.41223","0.41223"
"384","0.33262","0.33262","0.33262","0.3584","0.3584","0.3584","0.39667","0.39667","0.39667","0.40545","0.40545","0.40545"
"385","0.34102","0.34102","0.34102","0.3553","0.3553","0.3553","0.3903","0.3903","0.3903","0.40952","0.40952","0.40952"
"386","0.34252","0.34252","0.34252","0.37363","0.37363","0.37363","0.40279","0.40279","0.40279","0.40924","0.40924","0.40924"
"387","0.33381","0.33381","0.33381","0.36015","0.36015","0.36015","0.39765","0.39765","0.39765","0.39762","0.39762","0.39762"
"388","0.34506","0.34506","0.34506","0.36981","0.36981","0.36981","0.39718","0.39718","0.39718","0.38963","0.38963","0.38963"
"389","0.3391","0.3391","0.3391","0.37332","0.37332","0.37332","0.40066","0.40066","0.40066","0.40099","0.40099","0.40099"
"390","0.34269","0.34269","0.34269","0.37067","0.37067","0.37067","0.40404","0.40404","0.40404","0.39373","0.39373","0.39373"
"391","0.32511","0.32511","0.32511","0.3577","0.3577","0.3577","0.4054","0.4054","0.4054","0.40782","0.40782","0.40782"
"392","0.335","0.335","0.335","0.36511","0.36511","0.36511","0.40755","0.40755","0.40755","0.39374","0.39374","0.39374"
"393","0.33632","0.33632","0.33632","0.35728","0.35728","0.35728","0.40328","0.40328","0.40328","0.39962","0.39962","0.39962"
"394","0.32891","0.32891","0.32891","0.35067","0.35067","0.35067","0.3967","0.3967","0.3967","0.39057","0.39057","0.39057"
"395","0.33421","0.33421","0.33421","0.35415","0.35415","0.35415","0.38989","0.38989","0.38989","0.39397","0.39397","0.39397"
"396","0.33935","0.33935","0.33935","0.36173","0.36173","0.36173","0.3924","0.3924","0.3924","0.37411","0.37411","0.37411"
"397","0.33125","0.33125","0.33125","0.35054","0.35054","0.35054","0.38333","0.38333","0.38333","0.38426","0.38426","0.38426"
"398","0.33318","0.33318","0.33318","0.35768","0.35768","0.35768","0.40424","0.40424","0.40424","0.38863","0.38863","0.38863"
"399","0.33007","0.33007","0.33007","0.35146","0.35146","0.35146","0.39913","0.39913","0.39913","0.37406","0.37406","0.37406"
"400","0.32757","0.32757","0.32757","0.35236","0.35236","0.35236","0.39598","0.39598","0.39598","0.39817","0.39817","0.39817"
"401","0.32561","0.32561","0.32561","0.35869","0.35869","0.35869","0.39034","0.39034","0.39034","0.37434","0.37434","0.37434"
"402","0.33762","0.33762","0.33762","0.36969","0.36969","0.36969","0.41072","0.41072","0.41072","0.39366","0.39366","0.39366"
"403","0.33005","0.33005","0.33005","0.35371","0.35371","0.35371","0.37315","0.37315","0.37315","0.3809","0.3809","0.3809"
"404","0.32659","0.32659","0.32659","0.35433","0.35433","0.35433","0.39413","0.39413","0.39413","0.38047","0.38047","0.38047"
"405","0.31965","0.31965","0.31965","0.34201","0.34201","0.34201","0.39494","0.39494","0.39494","0.38083","0.38083","0.38083"
"406","0.32855","0.32855","0.32855","0.3559","0.3559","0.3559","0.39003","0.39003","0.39003","0.39419","0.39419","0.39419"
"407","0.31916","0.31916","0.31916","0.34968","0.34968","0.34968","0.3796","0.3796","0.3796","0.39528","0.39528","0.39528"
"408","0.32478","0.32478","0.32478","0.35156","0.35156","0.35156","0.38121","0.38121","0.38121","0.3901","0.3901","0.3901"
"409","0.32068","0.32068","0.32068","0.34269","0.34269","0.34269","0.37352","0.37352","0.37352","0.36588","0.36588","0.36588"
"410","0.32138","0.32138","0.32138","0.34398","0.34398","0.34398","0.38241","0.38241","0.38241","0.38923","0.38923","0.38923"
"411","0.32788","0.32788","0.32788","0.35395","0.35395","0.35395","0.37746","0.37746","0.37746","0.37446","0.37446","0.37446"
"412","0.32635","0.32635","0.32635","0.34764","0.34764","0.34764","0.38731","0.38731","0.38731","0.39345","0.39345","0.39345"
"413","0.32229","0.32229","0.32229","0.34658","0.34658","0.34658","0.39111","0.39111","0.39111","0.35758","0.35758","0.35758"
"414","0.33186","0.33186","0.33186","0.34657","0.34657","0.34657","0.39187","0.39187","0.39187","0.36258","0.36258","0.36258"
"415","0.32385","0.32385","0.32385","0.35527","0.35527","0.35527","0.37228","0.37228","0.37228","0.38579","0.38579","0.38579"
"416","0.32924","0.32924","0.32924","0.36766","0.36766","0.36766","0.39055","0.39055","0.39055","0.3681","0.3681","0.3681"
"417","0.3249","0.3249","0.3249","0.35605","0.35605","0.35605","0.3825","0.3825","0.3825","0.37693","0.37693","0.37693"
"418","0.32495","0.32495","0.32495","0.36073","0.36073","0.36073","0.38828","0.38828","0.38828","0.37886","0.37886","0.37886"
"419","0.31452","0.31452","0.31452","0.34464","0.34464","0.34464","0.37008","0.37008","0.37008","0.36538","0.36538","0.36538"
"420","0.32991","0.32991","0.32991","0.35217","0.35217","0.35217","0.37665","0.37665","0.37665","0.3766","0.3766","0.3766"
"421","0.32451","0.32451","0.32451","0.35563","0.35563","0.35563","0.36466","0.36466","0.36466","0.37692","0.37692","0.37692"
"422","0.31019","0.31019","0.31019","0.33652","0.33652","0.33652","0.37418","0.37418","0.37418","0.38212","0.38212","0.38212"
"423","0.31444","0.31444","0.31444","0.33779","0.33779","0.33779","0.37486","0.37486","0.37486","0.36334","0.36334","0.36334"
"424","0.31183","0.31183","0.31183","0.33367","0.33367","0.33367","0.35981","0.35981","0.35981","0.36698","0.36698","0.36698"
"425","0.31624","0.31624","0.31624","0.34549","0.34549","0.34549","0.37157","0.37157","0.37157","0.3778","0.3778","0.3778"
"426","0.31544","0.31544","0.31544","0.33587","0.33587","0.33587","0.37811","0.37811","0.37811","0.36634","0.36634","0.36634"
"427","0.324","0.324","0.324","0.34987","0.34987","0.34987","0.39209","0.39209","0.39209","0.36186","0.36186","0.36186"
"428","0.31384","0.31384","0.31384","0.33782","0.33782","0.33782","0.36694","0.36694","0.36694","0.37549","0.37549","0.37549"
"429","0.31722","0.31722","0.31722","0.33487","0.33487","0.33487","0.37344","0.37344","0.37344","0.3714","0.3714","0.3714"
"430","0.30921","0.30921","0.30921","0.33208","0.33208","0.33208","0.36284","0.36284","0.36284","0.3691","0.3691","0.3691"
"431","0.30922","0.30922","0.30922","0.32888","0.32888","0.32888","0.3603","0.3603","0.3603","0.36026","0.36026","0.36026"
"432","0.31364","0.31364","0.31364","0.33691","0.33691","0.33691","0.36578","0.36578","0.36578","0.37598","0.37598","0.37598"
"433","0.30631","0.30631","0.30631","0.32826","0.32826","0.32826","0.36654","0.36654","0.36654","0.36497","0.36497","0.36497"
"434","0.30806","0.30806","0.30806","0.33482","0.33482","0.33482","0.36027","0.36027","0.36027","0.36583","0.36583","0.36583"
"435","0.31394","0.31394","0.31394","0.33778","0.33778","0.33778","0.38037","0.38037","0.38037","0.36253","0.36253","0.36253"
"436","0.30926","0.30926","0.30926","0.32765","0.32765","0.32765","0.35933","0.35933","0.35933","0.36741","0.36741","0.36741"
"437","0.30083","0.30083","0.30083","0.32502","0.32502","0.32502","0.36555","0.36555","0.36555","0.3696","0.3696","0.3696"
"438","0.30904","0.30904","0.30904","0.33281","0.33281","0.33281","0.372","0.372","0.372","0.3579","0.3579","0.3579"
"439","0.30835","0.30835","0.30835","0.33472","0.33472","0.33472","0.36599","0.36599","0.36599","0.35932","0.35932","0.35932"
"440","0.30671","0.30671","0.30671","0.33636","0.33636","0.33636","0.35638","0.35638","0.35638","0.35625","0.35625","0.35625"
"441","0.30317","0.30317","0.30317","0.32785","0.32785","0.32785","0.36604","0.36604","0.36604","0.36627","0.36627","0.36627"
"442","0.3047","0.3047","0.3047","0.33631","0.33631","0.33631","0.37539","0.37539","0.37539","0.35989","0.35989","0.35989"
"443","0.30586","0.30586","0.30586","0.32976","0.32976","0.32976","0.35886","0.35886","0.35886","0.36772","0.36772","0.36772"
"444","0.30093","0.30093","0.30093","0.32291","0.32291","0.32291","0.36216","0.36216","0.36216","0.35238","0.35238","0.35238"
"445","0.30526","0.30526","0.30526","0.33353","0.33353","0.33353","0.35791","0.35791","0.35791","0.36335","0.36335","0.36335"
"446","0.30103","0.30103","0.30103","0.32625","0.32625","0.32625","0.35474","0.35474","0.35474","0.36515","0.36515","0.36515"
"447","0.30246","0.30246","0.30246","0.32787","0.32787","0.32787","0.3643","0.3643","0.3643","0.35502","0.35502","0.35502"
"448","0.30255","0.30255","0.30255","0.32477","0.32477","0.32477","0.36643","0.36643","0.36643","0.35238","0.35238","0.35238"
"449","0.29011","0.29011","0.29011","0.31812","0.31812","0.31812","0.35972","0.35972","0.35972","0.3539","0.3539","0.3539"
"450","0.30428","0.30428","0.30428","0.32716","0.32716","0.32716","0.36905","0.36905","0.36905","0.35917","0.35917","0.35917"
"451","","","","0.31258","0.31258","0.31258","0.36281","0.36281","0.36281","0.3609","0.3609","0.3609"
"452","","","","0.32501","0.32501","0.32501","0.36255","0.36255","0.36255","0.36883","0.36883","0.36883"
"453","","","","0.32749","0.32749","0.32749","0.3579","0.3579","0.3579","0.36118","0.36118","0.36118"
"454","","","","0.30734","0.30734","0.30734","0.35422","0.35422","0.35422","0.36337","0.36337","0.36337"
"455","","","","0.31585","0.31585","0.31585","0.35978","0.35978","0.35978","0.35555","0.35555","0.35555"
"456","","","","0.32442","0.32442","0.32442","0.35359","0.35359","0.35359","0.34598","0.34598","0.34598"
"457","","","","0.31972","0.31972","0.31972","0.35613","0.35613","0.35613","0.35475","0.35475","0.35475"
"458","","","","0.3107","0.3107","0.3107","0.34686","0.34686","0.34686","0.35927","0.35927","0.35927"
"459","","","","0.32318","0.32318","0.32318","0.35279","0.35279","0.35279","0.34849","0.34849","0.34849"
"460","","","","0.32203","0.32203","0.32203","0.35813","0.35813","0.35813","0.34053","0.34053","0.34053"
"461","","","","0.31612","0.31612","0.31612","0.3459","0.3459","0.3459","0.36033","0.36033","0.36033"
"462","","","","0.31347","0.31347","0.31347","0.36029","0.36029","0.36029","0.35353","0.35353","0.35353"
"463","","","","0.31444","0.31444","0.31444","0.35597","0.35597","0.35597","0.36489","0.36489","0.36489"
"464","","","","0.3146","0.3146","0.3146","0.356","0.356","0.356","0.3494","0.3494","0.3494"
"465","","","","0.31432","0.31432","0.31432","0.36223","0.36223","0.36223","0.33541","0.33541","0.33541"
"466","","","","0.31304","0.31304","0.31304","0.35134","0.35134","0.35134","0.35254","0.35254","0.35254"
"467","","","","0.30411","0.30411","0.30411","0.34127","0.34127","0.34127","0.33189","0.33189","0.33189"
"468","","","","0.3148","0.3148","0.3148","0.34513","0.34513","0.34513","0.34083","0.34083","0.34083"
"469","","","","0.31467","0.31467","0.31467","0.35268","0.35268","0.35268","0.33876","0.33876","0.33876"
"470","","","","0.31169","0.31169","0.31169","0.34525","0.34525","0.34525","0.34356","0.34356","0.34356"
"471","","","","0.31824","0.31824","0.31824","0.3556","0.3556","0.3556","0.34322","0.34322","0.34322"
"472","","","","0.31631","0.31631","0.31631","0.34184","0.34184","0.34184","0.33181","0.33181","0.33181"
"473","","","","0.31589","0.31589","0.31589","0.34156","0.34156","0.34156","0.33958","0.33958","0.33958"
"474","","","","0.30751","0.30751","0.30751","0.33404","0.33404","0.33404","0.34357","0.34357","0.34357"
"475","","","","0.31327","0.31327","0.31327","0.34235","0.34235","0.34235","0.34143","0.34143","0.34143"
"476","","","","0.2956","0.2956","0.2956","0.33621","0.33621","0.33621","0.33021","0.33021","0.33021"
"477","","","","0.30459","0.30459","0.30459","0.32944","0.32944","0.32944","0.34062","0.34062","0.34062"
"478","","","","0.30762","0.30762","0.30762","0.3324","0.3324","0.3324","0.34438","0.34438","0.34438"
"479","","","","0.29444","0.29444","0.29444","0.32683","0.32683","0.32683","0.33761","0.33761","0.33761"
"480","","","","0.30902","0.30902","0.30902","0.34099","0.34099","0.34099","0.34279","0.34279","0.34279"
"481","","","","0.29848","0.29848","0.29848","0.33889","0.33889","0.33889","0.32786","0.32786","0.32786"
"482","","","","0.30358","0.30358","0.30358","0.33811","0.33811","0.33811","0.35437","0.35437","0.35437"
"483","","","","0.30699","0.30699","0.30699","0.35103","0.35103","0.35103","0.3546","0.3546","0.3546"
"484","","","","0.31245","0.31245","0.31245","0.32759","0.32759","0.32759","0.3185","0.3185","0.3185"
"485","","","","0.30165","0.30165","0.30165","0.32886","0.32886","0.32886","0.35158","0.35158","0.35158"
"486","","","","0.30177","0.30177","0.30177","0.33183","0.33183","0.33183","0.32695","0.32695","0.32695"
"487","","","","0.30246","0.30246","0.30246","0.33215","0.33215","0.33215","0.32964","0.32964","0.32964"
"488","","","","0.30793","0.30793","0.30793","0.33357","0.33357","0.33357","0.33506","0.33506","0.33506"
"489","","","","0.30773","0.30773","0.30773","0.32945","0.32945","0.32945","0.32653","0.32653","0.32653"
"490","","","","0.29974","0.29974","0.29974","0.32949","0.32949","0.32949","0.32886","0.32886","0.32886"
"491","","","","0.29641","0.29641","0.29641","0.29971","0.29971","0.29971","0.30745","0.30745","0.30745"
"492","","","","0.27768","0.27768","0.27768","0.28204","0.28204","0.28204","0.28036","0.28036","0.28036"
"493","","","","0.27668","0.27668","0.27668","0.28708","0.28708","0.28708","0.27911","0.27911","0.27911"
"494","","","","0.26861","0.26861","0.26861","0.26735","0.26735","0.26735","0.28235","0.28235","0.28235"
"495","","","","0.26642","0.26642","0.26642","0.27491","0.27491","0.27491","0.27184","0.27184","0.27184"
"496","","","","0.25748","0.25748","0.25748","0.26848","0.26848","0.26848","0.26959","0.26959","0.26959"
"497","","","","0.25871","0.25871","0.25871","0.26932","0.26932","0.26932","0.26244","0.26244","0.26244"
"498","","","","0.26964","0.26964","0.26964","0.27172","0.27172","0.27172","0.2731","0.2731","0.2731"
"499","","","","0.26148","0.26148","0.26148","0.26428","0.26428","0.26428","0.27757","0.27757","0.27757"
"500","","","","0.26656","0.26656","0.26656","0.2688","0.2688","0.2688","0.27954","0.27954","0.27954"