"Step","05072025_yolov11n_histEQ - train/dfl_loss","05072025_yolov11n_histEQ - train/dfl_loss__MIN","05072025_yolov11n_histEQ - train/dfl_loss__MAX","05072025_yolov11s_histEQ2 - train/dfl_loss","05072025_yolov11s_histEQ2 - train/dfl_loss__MIN","05072025_yolov11s_histEQ2 - train/dfl_loss__MAX","05072025_yolov11l_histEQ3 - train/dfl_loss","05072025_yolov11l_histEQ3 - train/dfl_loss__MIN","05072025_yolov11l_histEQ3 - train/dfl_loss__MAX","04072025_yolov11m_histEQ - train/dfl_loss","04072025_yolov11m_histEQ - train/dfl_loss__MIN","04072025_yolov11m_histEQ - train/dfl_loss__MAX"
"1","2.5172","2.5172","2.5172","2.95933","2.95933","2.95933","3.31049","3.31049","3.31049","3.12735","3.12735","3.12735"
"2","2.31785","2.31785","2.31785","2.91169","2.91169","2.91169","3.24606","3.24606","3.24606","3.24458","3.24458","3.24458"
"3","2.31332","2.31332","2.31332","2.78805","2.78805","2.78805","3.09627","3.09627","3.09627","3.04733","3.04733","3.04733"
"4","2.16863","2.16863","2.16863","2.63969","2.63969","2.63969","3.02279","3.02279","3.02279","3.02932","3.02932","3.02932"
"5","2.02577","2.02577","2.02577","2.57272","2.57272","2.57272","2.90977","2.90977","2.90977","2.92787","2.92787","2.92787"
"6","1.99343","1.99343","1.99343","2.49769","2.49769","2.49769","2.87564","2.87564","2.87564","2.87198","2.87198","2.87198"
"7","1.91396","1.91396","1.91396","2.48933","2.48933","2.48933","2.78218","2.78218","2.78218","2.7977","2.7977","2.7977"
"8","1.84247","1.84247","1.84247","2.47352","2.47352","2.47352","2.7602","2.7602","2.7602","2.75213","2.75213","2.75213"
"9","1.80666","1.80666","1.80666","2.37384","2.37384","2.37384","2.70053","2.70053","2.70053","2.69597","2.69597","2.69597"
"10","1.80305","1.80305","1.80305","2.33795","2.33795","2.33795","2.67727","2.67727","2.67727","2.65765","2.65765","2.65765"
"11","1.72013","1.72013","1.72013","2.22992","2.22992","2.22992","2.62864","2.62864","2.62864","2.56038","2.56038","2.56038"
"12","1.6933","1.6933","1.6933","2.19624","2.19624","2.19624","2.62005","2.62005","2.62005","2.56871","2.56871","2.56871"
"13","1.69724","1.69724","1.69724","2.25367","2.25367","2.25367","2.57616","2.57616","2.57616","2.50516","2.50516","2.50516"
"14","1.64284","1.64284","1.64284","2.1781","2.1781","2.1781","2.55013","2.55013","2.55013","2.48517","2.48517","2.48517"
"15","1.67138","1.67138","1.67138","2.13983","2.13983","2.13983","2.55567","2.55567","2.55567","2.45923","2.45923","2.45923"
"16","1.69683","1.69683","1.69683","2.15763","2.15763","2.15763","2.48634","2.48634","2.48634","2.419","2.419","2.419"
"17","1.58701","1.58701","1.58701","2.09574","2.09574","2.09574","2.45247","2.45247","2.45247","2.34077","2.34077","2.34077"
"18","1.62541","1.62541","1.62541","2.08342","2.08342","2.08342","2.4554","2.4554","2.4554","2.33528","2.33528","2.33528"
"19","1.5895","1.5895","1.5895","2.05681","2.05681","2.05681","2.40748","2.40748","2.40748","2.31","2.31","2.31"
"20","1.60649","1.60649","1.60649","2.04455","2.04455","2.04455","2.43015","2.43015","2.43015","2.33008","2.33008","2.33008"
"21","1.56078","1.56078","1.56078","1.97789","1.97789","1.97789","2.31348","2.31348","2.31348","2.35255","2.35255","2.35255"
"22","1.59207","1.59207","1.59207","2.01474","2.01474","2.01474","2.31277","2.31277","2.31277","2.26201","2.26201","2.26201"
"23","1.58026","1.58026","1.58026","2.01981","2.01981","2.01981","2.39517","2.39517","2.39517","2.20544","2.20544","2.20544"
"24","1.56215","1.56215","1.56215","1.99195","1.99195","1.99195","2.31867","2.31867","2.31867","2.18871","2.18871","2.18871"
"25","1.55225","1.55225","1.55225","1.94414","1.94414","1.94414","2.29795","2.29795","2.29795","2.17871","2.17871","2.17871"
"26","1.54618","1.54618","1.54618","1.89923","1.89923","1.89923","2.22877","2.22877","2.22877","2.12043","2.12043","2.12043"
"27","1.52517","1.52517","1.52517","1.8712","1.8712","1.8712","2.19291","2.19291","2.19291","2.09555","2.09555","2.09555"
"28","1.53764","1.53764","1.53764","1.90816","1.90816","1.90816","2.22401","2.22401","2.22401","2.1321","2.1321","2.1321"
"29","1.5702","1.5702","1.5702","1.90651","1.90651","1.90651","2.15762","2.15762","2.15762","2.10657","2.10657","2.10657"
"30","1.53045","1.53045","1.53045","1.86215","1.86215","1.86215","2.11876","2.11876","2.11876","2.10417","2.10417","2.10417"
"31","1.51631","1.51631","1.51631","1.91001","1.91001","1.91001","2.12853","2.12853","2.12853","2.04548","2.04548","2.04548"
"32","1.50221","1.50221","1.50221","1.88386","1.88386","1.88386","2.11579","2.11579","2.11579","2.0351","2.0351","2.0351"
"33","1.46914","1.46914","1.46914","1.84745","1.84745","1.84745","2.10735","2.10735","2.10735","1.98329","1.98329","1.98329"
"34","1.45347","1.45347","1.45347","1.80909","1.80909","1.80909","2.06132","2.06132","2.06132","2.03728","2.03728","2.03728"
"35","1.48933","1.48933","1.48933","1.85014","1.85014","1.85014","2.04791","2.04791","2.04791","2.03088","2.03088","2.03088"
"36","1.46083","1.46083","1.46083","1.79887","1.79887","1.79887","2.02279","2.02279","2.02279","2.00891","2.00891","2.00891"
"37","1.47759","1.47759","1.47759","1.84439","1.84439","1.84439","2.03964","2.03964","2.03964","1.89588","1.89588","1.89588"
"38","1.49484","1.49484","1.49484","1.84034","1.84034","1.84034","2.05331","2.05331","2.05331","1.9342","1.9342","1.9342"
"39","1.43898","1.43898","1.43898","1.82148","1.82148","1.82148","2.0201","2.0201","2.0201","1.97062","1.97062","1.97062"
"40","1.46441","1.46441","1.46441","1.81936","1.81936","1.81936","2.04457","2.04457","2.04457","1.89596","1.89596","1.89596"
"41","1.46357","1.46357","1.46357","1.85026","1.85026","1.85026","2.1046","2.1046","2.1046","1.94961","1.94961","1.94961"
"42","1.42245","1.42245","1.42245","1.77634","1.77634","1.77634","1.98944","1.98944","1.98944","1.8902","1.8902","1.8902"
"43","1.41264","1.41264","1.41264","1.78609","1.78609","1.78609","1.96909","1.96909","1.96909","1.89849","1.89849","1.89849"
"44","1.43947","1.43947","1.43947","1.78788","1.78788","1.78788","1.95914","1.95914","1.95914","1.93839","1.93839","1.93839"
"45","1.42828","1.42828","1.42828","1.75802","1.75802","1.75802","1.94096","1.94096","1.94096","1.90022","1.90022","1.90022"
"46","1.4022","1.4022","1.4022","1.70988","1.70988","1.70988","1.95335","1.95335","1.95335","1.91751","1.91751","1.91751"
"47","1.42081","1.42081","1.42081","1.75816","1.75816","1.75816","1.98828","1.98828","1.98828","1.84268","1.84268","1.84268"
"48","1.44473","1.44473","1.44473","1.76198","1.76198","1.76198","1.95766","1.95766","1.95766","1.76998","1.76998","1.76998"
"49","1.42786","1.42786","1.42786","1.74402","1.74402","1.74402","1.93348","1.93348","1.93348","1.83804","1.83804","1.83804"
"50","1.41084","1.41084","1.41084","1.73965","1.73965","1.73965","1.92312","1.92312","1.92312","1.79859","1.79859","1.79859"
"51","1.44308","1.44308","1.44308","1.74412","1.74412","1.74412","1.94874","1.94874","1.94874","1.80683","1.80683","1.80683"
"52","1.41912","1.41912","1.41912","1.68383","1.68383","1.68383","1.95387","1.95387","1.95387","1.82845","1.82845","1.82845"
"53","1.4055","1.4055","1.4055","1.65893","1.65893","1.65893","1.90246","1.90246","1.90246","1.80022","1.80022","1.80022"
"54","1.41268","1.41268","1.41268","1.72323","1.72323","1.72323","1.86591","1.86591","1.86591","1.79372","1.79372","1.79372"
"55","1.41218","1.41218","1.41218","1.6861","1.6861","1.6861","1.84228","1.84228","1.84228","1.77973","1.77973","1.77973"
"56","1.43161","1.43161","1.43161","1.69085","1.69085","1.69085","1.8616","1.8616","1.8616","1.82814","1.82814","1.82814"
"57","1.39569","1.39569","1.39569","1.66662","1.66662","1.66662","1.86376","1.86376","1.86376","1.8013","1.8013","1.8013"
"58","1.3948","1.3948","1.3948","1.67685","1.67685","1.67685","1.86229","1.86229","1.86229","1.77556","1.77556","1.77556"
"59","1.39785","1.39785","1.39785","1.69516","1.69516","1.69516","1.84772","1.84772","1.84772","1.79084","1.79084","1.79084"
"60","1.39821","1.39821","1.39821","1.67934","1.67934","1.67934","1.80692","1.80692","1.80692","1.73311","1.73311","1.73311"
"61","1.39042","1.39042","1.39042","1.64769","1.64769","1.64769","1.80124","1.80124","1.80124","1.75185","1.75185","1.75185"
"62","1.38017","1.38017","1.38017","1.64016","1.64016","1.64016","1.75043","1.75043","1.75043","1.72565","1.72565","1.72565"
"63","1.39133","1.39133","1.39133","1.64689","1.64689","1.64689","1.75111","1.75111","1.75111","1.73397","1.73397","1.73397"
"64","1.40438","1.40438","1.40438","1.66311","1.66311","1.66311","1.78509","1.78509","1.78509","1.73629","1.73629","1.73629"
"65","1.38669","1.38669","1.38669","1.63023","1.63023","1.63023","1.77333","1.77333","1.77333","1.7701","1.7701","1.7701"
"66","1.40586","1.40586","1.40586","1.65345","1.65345","1.65345","1.79773","1.79773","1.79773","1.6988","1.6988","1.6988"
"67","1.398","1.398","1.398","1.65594","1.65594","1.65594","1.79966","1.79966","1.79966","1.71228","1.71228","1.71228"
"68","1.37382","1.37382","1.37382","1.63616","1.63616","1.63616","1.77193","1.77193","1.77193","1.72672","1.72672","1.72672"
"69","1.36678","1.36678","1.36678","1.62986","1.62986","1.62986","1.77329","1.77329","1.77329","1.73829","1.73829","1.73829"
"70","1.39489","1.39489","1.39489","1.66996","1.66996","1.66996","1.77887","1.77887","1.77887","1.66077","1.66077","1.66077"
"71","1.37776","1.37776","1.37776","1.62329","1.62329","1.62329","1.76193","1.76193","1.76193","1.70681","1.70681","1.70681"
"72","1.36748","1.36748","1.36748","1.6442","1.6442","1.6442","1.76948","1.76948","1.76948","1.73658","1.73658","1.73658"
"73","1.3589","1.3589","1.3589","1.60314","1.60314","1.60314","1.78854","1.78854","1.78854","1.68586","1.68586","1.68586"
"74","1.34299","1.34299","1.34299","1.60294","1.60294","1.60294","1.75521","1.75521","1.75521","1.64219","1.64219","1.64219"
"75","1.3342","1.3342","1.3342","1.58321","1.58321","1.58321","1.74024","1.74024","1.74024","1.70455","1.70455","1.70455"
"76","1.35287","1.35287","1.35287","1.59685","1.59685","1.59685","1.73923","1.73923","1.73923","1.68512","1.68512","1.68512"
"77","1.36806","1.36806","1.36806","1.62137","1.62137","1.62137","1.76338","1.76338","1.76338","1.63462","1.63462","1.63462"
"78","1.37898","1.37898","1.37898","1.5886","1.5886","1.5886","1.76589","1.76589","1.76589","1.68838","1.68838","1.68838"
"79","1.39022","1.39022","1.39022","1.61976","1.61976","1.61976","1.75546","1.75546","1.75546","1.6422","1.6422","1.6422"
"80","1.37805","1.37805","1.37805","1.59909","1.59909","1.59909","1.71356","1.71356","1.71356","1.65549","1.65549","1.65549"
"81","1.36925","1.36925","1.36925","1.6184","1.6184","1.6184","1.71191","1.71191","1.71191","1.68827","1.68827","1.68827"
"82","1.35376","1.35376","1.35376","1.59076","1.59076","1.59076","1.67103","1.67103","1.67103","1.60008","1.60008","1.60008"
"83","1.34082","1.34082","1.34082","1.58719","1.58719","1.58719","1.72364","1.72364","1.72364","1.68883","1.68883","1.68883"
"84","1.34949","1.34949","1.34949","1.58007","1.58007","1.58007","1.68292","1.68292","1.68292","1.65567","1.65567","1.65567"
"85","1.37374","1.37374","1.37374","1.57752","1.57752","1.57752","1.68958","1.68958","1.68958","1.67624","1.67624","1.67624"
"86","1.33931","1.33931","1.33931","1.60722","1.60722","1.60722","1.71708","1.71708","1.71708","1.59732","1.59732","1.59732"
"87","1.32942","1.32942","1.32942","1.55886","1.55886","1.55886","1.68945","1.68945","1.68945","1.59416","1.59416","1.59416"
"88","1.33658","1.33658","1.33658","1.55066","1.55066","1.55066","1.69833","1.69833","1.69833","1.64677","1.64677","1.64677"
"89","1.34881","1.34881","1.34881","1.58094","1.58094","1.58094","1.6626","1.6626","1.6626","1.63542","1.63542","1.63542"
"90","1.3544","1.3544","1.3544","1.5701","1.5701","1.5701","1.65506","1.65506","1.65506","1.61223","1.61223","1.61223"
"91","1.33691","1.33691","1.33691","1.56808","1.56808","1.56808","1.63417","1.63417","1.63417","1.67998","1.67998","1.67998"
"92","1.33326","1.33326","1.33326","1.55891","1.55891","1.55891","1.60674","1.60674","1.60674","1.65767","1.65767","1.65767"
"93","1.32474","1.32474","1.32474","1.53019","1.53019","1.53019","1.64405","1.64405","1.64405","1.60016","1.60016","1.60016"
"94","1.31278","1.31278","1.31278","1.53769","1.53769","1.53769","1.59877","1.59877","1.59877","1.64297","1.64297","1.64297"
"95","1.3269","1.3269","1.3269","1.50942","1.50942","1.50942","1.62075","1.62075","1.62075","1.60354","1.60354","1.60354"
"96","1.34264","1.34264","1.34264","1.54322","1.54322","1.54322","1.63854","1.63854","1.63854","1.62941","1.62941","1.62941"
"97","1.3569","1.3569","1.3569","1.5413","1.5413","1.5413","1.65717","1.65717","1.65717","1.5995","1.5995","1.5995"
"98","1.34242","1.34242","1.34242","1.54711","1.54711","1.54711","1.64469","1.64469","1.64469","1.64077","1.64077","1.64077"
"99","1.31213","1.31213","1.31213","1.55465","1.55465","1.55465","1.67804","1.67804","1.67804","1.56292","1.56292","1.56292"
"100","1.31806","1.31806","1.31806","1.5332","1.5332","1.5332","1.60762","1.60762","1.60762","1.59853","1.59853","1.59853"
"101","1.33815","1.33815","1.33815","1.55902","1.55902","1.55902","1.60345","1.60345","1.60345","1.58486","1.58486","1.58486"
"102","1.31889","1.31889","1.31889","1.51479","1.51479","1.51479","1.59733","1.59733","1.59733","1.5726","1.5726","1.5726"
"103","1.31783","1.31783","1.31783","1.53002","1.53002","1.53002","1.60113","1.60113","1.60113","1.58795","1.58795","1.58795"
"104","1.31243","1.31243","1.31243","1.48589","1.48589","1.48589","1.61339","1.61339","1.61339","1.60358","1.60358","1.60358"
"105","1.29146","1.29146","1.29146","1.50569","1.50569","1.50569","1.60533","1.60533","1.60533","1.64238","1.64238","1.64238"
"106","1.32151","1.32151","1.32151","1.51765","1.51765","1.51765","1.5798","1.5798","1.5798","1.6293","1.6293","1.6293"
"107","1.32182","1.32182","1.32182","1.52713","1.52713","1.52713","1.61337","1.61337","1.61337","1.60709","1.60709","1.60709"
"108","1.33202","1.33202","1.33202","1.5105","1.5105","1.5105","1.60768","1.60768","1.60768","1.56275","1.56275","1.56275"
"109","1.36294","1.36294","1.36294","1.53034","1.53034","1.53034","1.64585","1.64585","1.64585","1.59454","1.59454","1.59454"
"110","1.32734","1.32734","1.32734","1.48648","1.48648","1.48648","1.60159","1.60159","1.60159","1.57829","1.57829","1.57829"
"111","1.32632","1.32632","1.32632","1.47718","1.47718","1.47718","1.60778","1.60778","1.60778","1.57725","1.57725","1.57725"
"112","1.31648","1.31648","1.31648","1.51531","1.51531","1.51531","1.58742","1.58742","1.58742","1.59026","1.59026","1.59026"
"113","1.33549","1.33549","1.33549","1.53827","1.53827","1.53827","1.59898","1.59898","1.59898","1.60346","1.60346","1.60346"
"114","1.31385","1.31385","1.31385","1.48787","1.48787","1.48787","1.57598","1.57598","1.57598","1.55385","1.55385","1.55385"
"115","1.32078","1.32078","1.32078","1.51582","1.51582","1.51582","1.59542","1.59542","1.59542","1.58953","1.58953","1.58953"
"116","1.3023","1.3023","1.3023","1.48546","1.48546","1.48546","1.59125","1.59125","1.59125","1.59324","1.59324","1.59324"
"117","1.32174","1.32174","1.32174","1.51042","1.51042","1.51042","1.64687","1.64687","1.64687","1.52271","1.52271","1.52271"
"118","1.32214","1.32214","1.32214","1.48728","1.48728","1.48728","1.60146","1.60146","1.60146","1.53795","1.53795","1.53795"
"119","1.32638","1.32638","1.32638","1.48706","1.48706","1.48706","1.56096","1.56096","1.56096","1.53268","1.53268","1.53268"
"120","1.31911","1.31911","1.31911","1.48098","1.48098","1.48098","1.56514","1.56514","1.56514","1.56894","1.56894","1.56894"
"121","1.30933","1.30933","1.30933","1.46191","1.46191","1.46191","1.59113","1.59113","1.59113","1.56014","1.56014","1.56014"
"122","1.31291","1.31291","1.31291","1.47214","1.47214","1.47214","1.60745","1.60745","1.60745","1.57725","1.57725","1.57725"
"123","1.3037","1.3037","1.3037","1.45127","1.45127","1.45127","1.59433","1.59433","1.59433","1.57379","1.57379","1.57379"
"124","1.29388","1.29388","1.29388","1.446","1.446","1.446","1.57844","1.57844","1.57844","1.52914","1.52914","1.52914"
"125","1.29717","1.29717","1.29717","1.44172","1.44172","1.44172","1.57077","1.57077","1.57077","1.5441","1.5441","1.5441"
"126","1.33157","1.33157","1.33157","1.47054","1.47054","1.47054","1.58304","1.58304","1.58304","1.53294","1.53294","1.53294"
"127","1.31859","1.31859","1.31859","1.46569","1.46569","1.46569","1.60613","1.60613","1.60613","1.53188","1.53188","1.53188"
"128","1.31817","1.31817","1.31817","1.45316","1.45316","1.45316","1.61199","1.61199","1.61199","1.54334","1.54334","1.54334"
"129","1.33546","1.33546","1.33546","1.4845","1.4845","1.4845","1.57942","1.57942","1.57942","1.52332","1.52332","1.52332"
"130","1.3209","1.3209","1.3209","1.48439","1.48439","1.48439","1.58323","1.58323","1.58323","1.53129","1.53129","1.53129"
"131","1.30855","1.30855","1.30855","1.47188","1.47188","1.47188","1.55624","1.55624","1.55624","1.52423","1.52423","1.52423"
"132","1.29675","1.29675","1.29675","1.45321","1.45321","1.45321","1.53369","1.53369","1.53369","1.54145","1.54145","1.54145"
"133","1.30289","1.30289","1.30289","1.45774","1.45774","1.45774","1.54571","1.54571","1.54571","1.492","1.492","1.492"
"134","1.29936","1.29936","1.29936","1.45772","1.45772","1.45772","1.53905","1.53905","1.53905","1.48962","1.48962","1.48962"
"135","1.30073","1.30073","1.30073","1.46556","1.46556","1.46556","1.53365","1.53365","1.53365","1.541","1.541","1.541"
"136","1.30289","1.30289","1.30289","1.47442","1.47442","1.47442","1.55681","1.55681","1.55681","1.51444","1.51444","1.51444"
"137","1.3064","1.3064","1.3064","1.47725","1.47725","1.47725","1.53676","1.53676","1.53676","1.51328","1.51328","1.51328"
"138","1.32656","1.32656","1.32656","1.46118","1.46118","1.46118","1.57139","1.57139","1.57139","1.48481","1.48481","1.48481"
"139","1.31784","1.31784","1.31784","1.47068","1.47068","1.47068","1.56931","1.56931","1.56931","1.50026","1.50026","1.50026"
"140","1.29218","1.29218","1.29218","1.43536","1.43536","1.43536","1.54831","1.54831","1.54831","1.58904","1.58904","1.58904"
"141","1.31001","1.31001","1.31001","1.47338","1.47338","1.47338","1.54597","1.54597","1.54597","1.55936","1.55936","1.55936"
"142","1.29053","1.29053","1.29053","1.42624","1.42624","1.42624","1.521","1.521","1.521","1.51961","1.51961","1.51961"
"143","1.29052","1.29052","1.29052","1.44708","1.44708","1.44708","1.51261","1.51261","1.51261","1.51404","1.51404","1.51404"
"144","1.2951","1.2951","1.2951","1.44814","1.44814","1.44814","1.51116","1.51116","1.51116","1.5066","1.5066","1.5066"
"145","1.28109","1.28109","1.28109","1.45701","1.45701","1.45701","1.54807","1.54807","1.54807","1.51523","1.51523","1.51523"
"146","1.27112","1.27112","1.27112","1.43026","1.43026","1.43026","1.55105","1.55105","1.55105","1.49918","1.49918","1.49918"
"147","1.27411","1.27411","1.27411","1.45031","1.45031","1.45031","1.56143","1.56143","1.56143","1.5292","1.5292","1.5292"
"148","1.282","1.282","1.282","1.46334","1.46334","1.46334","1.52689","1.52689","1.52689","1.49413","1.49413","1.49413"
"149","1.28665","1.28665","1.28665","1.45339","1.45339","1.45339","1.50346","1.50346","1.50346","1.5057","1.5057","1.5057"
"150","1.25742","1.25742","1.25742","1.43563","1.43563","1.43563","1.50137","1.50137","1.50137","1.48829","1.48829","1.48829"
"151","1.25835","1.25835","1.25835","1.40906","1.40906","1.40906","1.51707","1.51707","1.51707","1.50329","1.50329","1.50329"
"152","1.29253","1.29253","1.29253","1.45812","1.45812","1.45812","1.528","1.528","1.528","1.5112","1.5112","1.5112"
"153","1.25681","1.25681","1.25681","1.41671","1.41671","1.41671","1.488","1.488","1.488","1.47506","1.47506","1.47506"
"154","1.30384","1.30384","1.30384","1.46882","1.46882","1.46882","1.53673","1.53673","1.53673","1.4832","1.4832","1.4832"
"155","1.28205","1.28205","1.28205","1.44607","1.44607","1.44607","1.50858","1.50858","1.50858","1.50973","1.50973","1.50973"
"156","1.27814","1.27814","1.27814","1.44145","1.44145","1.44145","1.49108","1.49108","1.49108","1.50998","1.50998","1.50998"
"157","1.26976","1.26976","1.26976","1.43832","1.43832","1.43832","1.5287","1.5287","1.5287","1.45031","1.45031","1.45031"
"158","1.2886","1.2886","1.2886","1.46929","1.46929","1.46929","1.51967","1.51967","1.51967","1.5056","1.5056","1.5056"
"159","1.25309","1.25309","1.25309","1.42461","1.42461","1.42461","1.5059","1.5059","1.5059","1.55764","1.55764","1.55764"
"160","1.25742","1.25742","1.25742","1.4253","1.4253","1.4253","1.50882","1.50882","1.50882","1.49539","1.49539","1.49539"
"161","1.25596","1.25596","1.25596","1.41549","1.41549","1.41549","1.49073","1.49073","1.49073","1.52125","1.52125","1.52125"
"162","1.27524","1.27524","1.27524","1.42003","1.42003","1.42003","1.49744","1.49744","1.49744","1.46429","1.46429","1.46429"
"163","1.28167","1.28167","1.28167","1.41102","1.41102","1.41102","1.50585","1.50585","1.50585","1.5022","1.5022","1.5022"
"164","1.27117","1.27117","1.27117","1.41474","1.41474","1.41474","1.50213","1.50213","1.50213","1.45231","1.45231","1.45231"
"165","1.27294","1.27294","1.27294","1.43623","1.43623","1.43623","1.49497","1.49497","1.49497","1.48842","1.48842","1.48842"
"166","1.24923","1.24923","1.24923","1.40528","1.40528","1.40528","1.48746","1.48746","1.48746","1.51449","1.51449","1.51449"
"167","1.29031","1.29031","1.29031","1.41927","1.41927","1.41927","1.48734","1.48734","1.48734","1.49991","1.49991","1.49991"
"168","1.25324","1.25324","1.25324","1.39867","1.39867","1.39867","1.52578","1.52578","1.52578","1.45504","1.45504","1.45504"
"169","1.27831","1.27831","1.27831","1.41678","1.41678","1.41678","1.49631","1.49631","1.49631","1.46745","1.46745","1.46745"
"170","1.28018","1.28018","1.28018","1.42803","1.42803","1.42803","1.49498","1.49498","1.49498","1.48883","1.48883","1.48883"
"171","1.28255","1.28255","1.28255","1.42838","1.42838","1.42838","1.54218","1.54218","1.54218","1.46036","1.46036","1.46036"
"172","1.27028","1.27028","1.27028","1.41325","1.41325","1.41325","1.51699","1.51699","1.51699","1.43037","1.43037","1.43037"
"173","1.27048","1.27048","1.27048","1.39588","1.39588","1.39588","1.51214","1.51214","1.51214","1.49702","1.49702","1.49702"
"174","1.26243","1.26243","1.26243","1.38884","1.38884","1.38884","1.47004","1.47004","1.47004","1.48533","1.48533","1.48533"
"175","1.26565","1.26565","1.26565","1.39028","1.39028","1.39028","1.49512","1.49512","1.49512","1.47347","1.47347","1.47347"
"176","1.2774","1.2774","1.2774","1.41646","1.41646","1.41646","1.51943","1.51943","1.51943","1.47179","1.47179","1.47179"
"177","1.26819","1.26819","1.26819","1.41863","1.41863","1.41863","1.5237","1.5237","1.5237","1.42355","1.42355","1.42355"
"178","1.25794","1.25794","1.25794","1.40854","1.40854","1.40854","1.55607","1.55607","1.55607","1.4548","1.4548","1.4548"
"179","1.25682","1.25682","1.25682","1.40137","1.40137","1.40137","1.5118","1.5118","1.5118","1.48791","1.48791","1.48791"
"180","1.25551","1.25551","1.25551","1.38396","1.38396","1.38396","1.49324","1.49324","1.49324","1.50445","1.50445","1.50445"
"181","1.27137","1.27137","1.27137","1.4115","1.4115","1.4115","1.50992","1.50992","1.50992","1.47857","1.47857","1.47857"
"182","1.28587","1.28587","1.28587","1.43823","1.43823","1.43823","1.48168","1.48168","1.48168","1.45912","1.45912","1.45912"
"183","1.25765","1.25765","1.25765","1.4096","1.4096","1.4096","1.47019","1.47019","1.47019","1.44349","1.44349","1.44349"
"184","1.26391","1.26391","1.26391","1.40034","1.40034","1.40034","1.49427","1.49427","1.49427","1.43151","1.43151","1.43151"
"185","1.251","1.251","1.251","1.39045","1.39045","1.39045","1.44831","1.44831","1.44831","1.41491","1.41491","1.41491"
"186","1.26549","1.26549","1.26549","1.40277","1.40277","1.40277","1.46957","1.46957","1.46957","1.43754","1.43754","1.43754"
"187","1.2548","1.2548","1.2548","1.39431","1.39431","1.39431","1.45706","1.45706","1.45706","1.47771","1.47771","1.47771"
"188","1.28794","1.28794","1.28794","1.42444","1.42444","1.42444","1.46096","1.46096","1.46096","1.4279","1.4279","1.4279"
"189","1.23534","1.23534","1.23534","1.38138","1.38138","1.38138","1.44827","1.44827","1.44827","1.47383","1.47383","1.47383"
"190","1.26597","1.26597","1.26597","1.42186","1.42186","1.42186","1.49478","1.49478","1.49478","1.44279","1.44279","1.44279"
"191","1.26012","1.26012","1.26012","1.39765","1.39765","1.39765","1.46069","1.46069","1.46069","1.45403","1.45403","1.45403"
"192","1.23582","1.23582","1.23582","1.37649","1.37649","1.37649","1.47428","1.47428","1.47428","1.43339","1.43339","1.43339"
"193","1.24125","1.24125","1.24125","1.3529","1.3529","1.3529","1.43464","1.43464","1.43464","1.41817","1.41817","1.41817"
"194","1.25694","1.25694","1.25694","1.37713","1.37713","1.37713","1.47394","1.47394","1.47394","1.42838","1.42838","1.42838"
"195","1.24922","1.24922","1.24922","1.37804","1.37804","1.37804","1.48443","1.48443","1.48443","1.42619","1.42619","1.42619"
"196","1.25073","1.25073","1.25073","1.40313","1.40313","1.40313","1.48182","1.48182","1.48182","1.43422","1.43422","1.43422"
"197","1.25559","1.25559","1.25559","1.37427","1.37427","1.37427","1.46702","1.46702","1.46702","1.42571","1.42571","1.42571"
"198","1.22556","1.22556","1.22556","1.39804","1.39804","1.39804","1.47315","1.47315","1.47315","1.45373","1.45373","1.45373"
"199","1.23945","1.23945","1.23945","1.3892","1.3892","1.3892","1.45507","1.45507","1.45507","1.42015","1.42015","1.42015"
"200","1.23488","1.23488","1.23488","1.37395","1.37395","1.37395","1.47376","1.47376","1.47376","1.44733","1.44733","1.44733"
"201","1.21702","1.21702","1.21702","1.37877","1.37877","1.37877","1.45495","1.45495","1.45495","1.43795","1.43795","1.43795"
"202","1.22931","1.22931","1.22931","1.37299","1.37299","1.37299","1.43528","1.43528","1.43528","1.45845","1.45845","1.45845"
"203","1.22249","1.22249","1.22249","1.35937","1.35937","1.35937","1.43764","1.43764","1.43764","1.46438","1.46438","1.46438"
"204","1.23312","1.23312","1.23312","1.40907","1.40907","1.40907","1.45749","1.45749","1.45749","1.43458","1.43458","1.43458"
"205","1.22655","1.22655","1.22655","1.37684","1.37684","1.37684","1.44121","1.44121","1.44121","1.40255","1.40255","1.40255"
"206","1.24683","1.24683","1.24683","1.37427","1.37427","1.37427","1.43796","1.43796","1.43796","1.45885","1.45885","1.45885"
"207","1.24804","1.24804","1.24804","1.39551","1.39551","1.39551","1.4592","1.4592","1.4592","1.41246","1.41246","1.41246"
"208","1.22644","1.22644","1.22644","1.35298","1.35298","1.35298","1.45356","1.45356","1.45356","1.43675","1.43675","1.43675"
"209","1.24419","1.24419","1.24419","1.38325","1.38325","1.38325","1.4554","1.4554","1.4554","1.45468","1.45468","1.45468"
"210","1.23994","1.23994","1.23994","1.39158","1.39158","1.39158","1.4769","1.4769","1.4769","1.47345","1.47345","1.47345"
"211","1.24191","1.24191","1.24191","1.38769","1.38769","1.38769","1.42409","1.42409","1.42409","1.44766","1.44766","1.44766"
"212","1.22288","1.22288","1.22288","1.36907","1.36907","1.36907","1.43085","1.43085","1.43085","1.44576","1.44576","1.44576"
"213","1.22795","1.22795","1.22795","1.36104","1.36104","1.36104","1.45301","1.45301","1.45301","1.39639","1.39639","1.39639"
"214","1.22886","1.22886","1.22886","1.3596","1.3596","1.3596","1.44551","1.44551","1.44551","1.41349","1.41349","1.41349"
"215","1.23071","1.23071","1.23071","1.3714","1.3714","1.3714","1.43664","1.43664","1.43664","1.43886","1.43886","1.43886"
"216","1.22185","1.22185","1.22185","1.35185","1.35185","1.35185","1.43229","1.43229","1.43229","1.42896","1.42896","1.42896"
"217","1.2488","1.2488","1.2488","1.38004","1.38004","1.38004","1.45253","1.45253","1.45253","1.43744","1.43744","1.43744"
"218","1.25617","1.25617","1.25617","1.38364","1.38364","1.38364","1.48229","1.48229","1.48229","1.37687","1.37687","1.37687"
"219","1.22403","1.22403","1.22403","1.35091","1.35091","1.35091","1.44276","1.44276","1.44276","1.42063","1.42063","1.42063"
"220","1.26132","1.26132","1.26132","1.38552","1.38552","1.38552","1.46184","1.46184","1.46184","1.44375","1.44375","1.44375"
"221","1.24787","1.24787","1.24787","1.38281","1.38281","1.38281","1.45562","1.45562","1.45562","1.41246","1.41246","1.41246"
"222","1.22367","1.22367","1.22367","1.35562","1.35562","1.35562","1.42792","1.42792","1.42792","1.43766","1.43766","1.43766"
"223","1.23105","1.23105","1.23105","1.36173","1.36173","1.36173","1.44641","1.44641","1.44641","1.3786","1.3786","1.3786"
"224","1.22258","1.22258","1.22258","1.35623","1.35623","1.35623","1.42809","1.42809","1.42809","1.42715","1.42715","1.42715"
"225","1.23208","1.23208","1.23208","1.34889","1.34889","1.34889","1.40879","1.40879","1.40879","1.39375","1.39375","1.39375"
"226","1.21803","1.21803","1.21803","1.3472","1.3472","1.3472","1.43695","1.43695","1.43695","1.40979","1.40979","1.40979"
"227","1.23443","1.23443","1.23443","1.35692","1.35692","1.35692","1.43267","1.43267","1.43267","1.41508","1.41508","1.41508"
"228","1.24659","1.24659","1.24659","1.35094","1.35094","1.35094","1.41126","1.41126","1.41126","1.39588","1.39588","1.39588"
"229","1.22427","1.22427","1.22427","1.33396","1.33396","1.33396","1.43058","1.43058","1.43058","1.40371","1.40371","1.40371"
"230","1.21967","1.21967","1.21967","1.32887","1.32887","1.32887","1.38675","1.38675","1.38675","1.38132","1.38132","1.38132"
"231","1.20442","1.20442","1.20442","1.32832","1.32832","1.32832","1.40881","1.40881","1.40881","1.38142","1.38142","1.38142"
"232","1.2445","1.2445","1.2445","1.36827","1.36827","1.36827","1.46687","1.46687","1.46687","1.43012","1.43012","1.43012"
"233","1.25039","1.25039","1.25039","1.35098","1.35098","1.35098","1.41738","1.41738","1.41738","1.42942","1.42942","1.42942"
"234","1.22451","1.22451","1.22451","1.32603","1.32603","1.32603","1.43111","1.43111","1.43111","1.40687","1.40687","1.40687"
"235","1.21574","1.21574","1.21574","1.33234","1.33234","1.33234","1.39156","1.39156","1.39156","1.39599","1.39599","1.39599"
"236","1.22347","1.22347","1.22347","1.33062","1.33062","1.33062","1.41796","1.41796","1.41796","1.40711","1.40711","1.40711"
"237","1.24358","1.24358","1.24358","1.36265","1.36265","1.36265","1.43496","1.43496","1.43496","1.38533","1.38533","1.38533"
"238","1.21972","1.21972","1.21972","1.32673","1.32673","1.32673","1.43358","1.43358","1.43358","1.40339","1.40339","1.40339"
"239","1.21585","1.21585","1.21585","1.33042","1.33042","1.33042","1.41177","1.41177","1.41177","1.37749","1.37749","1.37749"
"240","1.22412","1.22412","1.22412","1.33648","1.33648","1.33648","1.42595","1.42595","1.42595","1.36947","1.36947","1.36947"
"241","1.21698","1.21698","1.21698","1.33067","1.33067","1.33067","1.40207","1.40207","1.40207","1.38807","1.38807","1.38807"
"242","1.23315","1.23315","1.23315","1.36275","1.36275","1.36275","1.4228","1.4228","1.4228","1.40393","1.40393","1.40393"
"243","1.22846","1.22846","1.22846","1.35377","1.35377","1.35377","1.40463","1.40463","1.40463","1.4044","1.4044","1.4044"
"244","1.21241","1.21241","1.21241","1.34294","1.34294","1.34294","1.43109","1.43109","1.43109","1.42325","1.42325","1.42325"
"245","1.21671","1.21671","1.21671","1.34526","1.34526","1.34526","1.40867","1.40867","1.40867","1.40038","1.40038","1.40038"
"246","1.21424","1.21424","1.21424","1.33501","1.33501","1.33501","1.40786","1.40786","1.40786","1.41493","1.41493","1.41493"
"247","1.19439","1.19439","1.19439","1.32236","1.32236","1.32236","1.39629","1.39629","1.39629","1.39716","1.39716","1.39716"
"248","1.21232","1.21232","1.21232","1.33591","1.33591","1.33591","1.4353","1.4353","1.4353","1.37732","1.37732","1.37732"
"249","1.22332","1.22332","1.22332","1.34153","1.34153","1.34153","1.42373","1.42373","1.42373","1.40463","1.40463","1.40463"
"250","1.21475","1.21475","1.21475","1.33632","1.33632","1.33632","1.41105","1.41105","1.41105","1.38515","1.38515","1.38515"
"251","1.21435","1.21435","1.21435","1.34387","1.34387","1.34387","1.42045","1.42045","1.42045","1.36679","1.36679","1.36679"
"252","1.21208","1.21208","1.21208","1.3516","1.3516","1.3516","1.4251","1.4251","1.4251","1.4046","1.4046","1.4046"
"253","1.21927","1.21927","1.21927","1.35645","1.35645","1.35645","1.43197","1.43197","1.43197","1.42176","1.42176","1.42176"
"254","1.20582","1.20582","1.20582","1.33018","1.33018","1.33018","1.41669","1.41669","1.41669","1.37813","1.37813","1.37813"
"255","1.22126","1.22126","1.22126","1.34028","1.34028","1.34028","1.41545","1.41545","1.41545","1.38903","1.38903","1.38903"
"256","1.20847","1.20847","1.20847","1.32311","1.32311","1.32311","1.40112","1.40112","1.40112","1.39337","1.39337","1.39337"
"257","1.20516","1.20516","1.20516","1.32964","1.32964","1.32964","1.39622","1.39622","1.39622","1.37199","1.37199","1.37199"
"258","1.20524","1.20524","1.20524","1.34095","1.34095","1.34095","1.41569","1.41569","1.41569","1.37851","1.37851","1.37851"
"259","1.22065","1.22065","1.22065","1.35064","1.35064","1.35064","1.39022","1.39022","1.39022","1.38506","1.38506","1.38506"
"260","1.20874","1.20874","1.20874","1.33909","1.33909","1.33909","1.36972","1.36972","1.36972","1.39057","1.39057","1.39057"
"261","1.2007","1.2007","1.2007","1.3372","1.3372","1.3372","1.38663","1.38663","1.38663","1.36469","1.36469","1.36469"
"262","1.20374","1.20374","1.20374","1.32289","1.32289","1.32289","1.40105","1.40105","1.40105","1.37328","1.37328","1.37328"
"263","1.19034","1.19034","1.19034","1.31218","1.31218","1.31218","1.39861","1.39861","1.39861","1.34564","1.34564","1.34564"
"264","1.20353","1.20353","1.20353","1.31808","1.31808","1.31808","1.38818","1.38818","1.38818","1.38622","1.38622","1.38622"
"265","1.19809","1.19809","1.19809","1.33489","1.33489","1.33489","1.41378","1.41378","1.41378","1.37047","1.37047","1.37047"
"266","1.19841","1.19841","1.19841","1.3224","1.3224","1.3224","1.39055","1.39055","1.39055","1.35962","1.35962","1.35962"
"267","1.20291","1.20291","1.20291","1.32392","1.32392","1.32392","1.39171","1.39171","1.39171","1.38778","1.38778","1.38778"
"268","1.22221","1.22221","1.22221","1.33484","1.33484","1.33484","1.38963","1.38963","1.38963","1.35935","1.35935","1.35935"
"269","1.19595","1.19595","1.19595","1.31779","1.31779","1.31779","1.42613","1.42613","1.42613","1.36617","1.36617","1.36617"
"270","1.18735","1.18735","1.18735","1.33703","1.33703","1.33703","1.37818","1.37818","1.37818","1.39733","1.39733","1.39733"
"271","1.19561","1.19561","1.19561","1.32544","1.32544","1.32544","1.38229","1.38229","1.38229","1.37761","1.37761","1.37761"
"272","1.20135","1.20135","1.20135","1.33843","1.33843","1.33843","1.40572","1.40572","1.40572","1.39277","1.39277","1.39277"
"273","1.18126","1.18126","1.18126","1.29905","1.29905","1.29905","1.38322","1.38322","1.38322","1.38742","1.38742","1.38742"
"274","1.19694","1.19694","1.19694","1.32106","1.32106","1.32106","1.40594","1.40594","1.40594","1.39505","1.39505","1.39505"
"275","1.19124","1.19124","1.19124","1.30434","1.30434","1.30434","1.40495","1.40495","1.40495","1.38976","1.38976","1.38976"
"276","1.21156","1.21156","1.21156","1.32821","1.32821","1.32821","1.3708","1.3708","1.3708","1.37737","1.37737","1.37737"
"277","1.20371","1.20371","1.20371","1.32476","1.32476","1.32476","1.39156","1.39156","1.39156","1.38093","1.38093","1.38093"
"278","1.20201","1.20201","1.20201","1.31654","1.31654","1.31654","1.39365","1.39365","1.39365","1.35894","1.35894","1.35894"
"279","1.18679","1.18679","1.18679","1.31135","1.31135","1.31135","1.39509","1.39509","1.39509","1.38083","1.38083","1.38083"
"280","1.20909","1.20909","1.20909","1.32114","1.32114","1.32114","1.41787","1.41787","1.41787","1.37624","1.37624","1.37624"
"281","1.20235","1.20235","1.20235","1.3255","1.3255","1.3255","1.4067","1.4067","1.4067","1.37176","1.37176","1.37176"
"282","1.20095","1.20095","1.20095","1.31861","1.31861","1.31861","1.40023","1.40023","1.40023","1.3905","1.3905","1.3905"
"283","1.1888","1.1888","1.1888","1.30904","1.30904","1.30904","1.36666","1.36666","1.36666","1.34072","1.34072","1.34072"
"284","1.18706","1.18706","1.18706","1.30261","1.30261","1.30261","1.38216","1.38216","1.38216","1.34174","1.34174","1.34174"
"285","1.19394","1.19394","1.19394","1.30495","1.30495","1.30495","1.40008","1.40008","1.40008","1.33092","1.33092","1.33092"
"286","1.20718","1.20718","1.20718","1.31492","1.31492","1.31492","1.39361","1.39361","1.39361","1.35167","1.35167","1.35167"
"287","1.17545","1.17545","1.17545","1.28498","1.28498","1.28498","1.35432","1.35432","1.35432","1.33631","1.33631","1.33631"
"288","1.17384","1.17384","1.17384","1.3072","1.3072","1.3072","1.40586","1.40586","1.40586","1.35448","1.35448","1.35448"
"289","1.17797","1.17797","1.17797","1.31143","1.31143","1.31143","1.37852","1.37852","1.37852","1.36083","1.36083","1.36083"
"290","1.20166","1.20166","1.20166","1.33305","1.33305","1.33305","1.39438","1.39438","1.39438","1.33594","1.33594","1.33594"
"291","1.19508","1.19508","1.19508","1.31408","1.31408","1.31408","1.36092","1.36092","1.36092","1.38264","1.38264","1.38264"
"292","1.20352","1.20352","1.20352","1.31465","1.31465","1.31465","1.36562","1.36562","1.36562","1.38095","1.38095","1.38095"
"293","1.19084","1.19084","1.19084","1.31308","1.31308","1.31308","1.36917","1.36917","1.36917","1.35247","1.35247","1.35247"
"294","1.18526","1.18526","1.18526","1.28446","1.28446","1.28446","1.35166","1.35166","1.35166","1.36972","1.36972","1.36972"
"295","1.20502","1.20502","1.20502","1.32445","1.32445","1.32445","1.39106","1.39106","1.39106","1.39443","1.39443","1.39443"
"296","1.19494","1.19494","1.19494","1.30209","1.30209","1.30209","1.38846","1.38846","1.38846","1.35609","1.35609","1.35609"
"297","1.1847","1.1847","1.1847","1.29664","1.29664","1.29664","1.3579","1.3579","1.3579","1.38522","1.38522","1.38522"
"298","1.18833","1.18833","1.18833","1.28996","1.28996","1.28996","1.38211","1.38211","1.38211","1.3445","1.3445","1.3445"
"299","1.19839","1.19839","1.19839","1.30331","1.30331","1.30331","1.38408","1.38408","1.38408","1.34685","1.34685","1.34685"
"300","1.21061","1.21061","1.21061","1.32884","1.32884","1.32884","1.39362","1.39362","1.39362","1.38348","1.38348","1.38348"
"301","1.18019","1.18019","1.18019","1.29225","1.29225","1.29225","1.36896","1.36896","1.36896","1.34378","1.34378","1.34378"
"302","1.18484","1.18484","1.18484","1.30522","1.30522","1.30522","1.34956","1.34956","1.34956","1.34478","1.34478","1.34478"
"303","1.17964","1.17964","1.17964","1.29851","1.29851","1.29851","1.35943","1.35943","1.35943","1.33509","1.33509","1.33509"
"304","1.17499","1.17499","1.17499","1.28164","1.28164","1.28164","1.36524","1.36524","1.36524","1.34009","1.34009","1.34009"
"305","1.16571","1.16571","1.16571","1.28101","1.28101","1.28101","1.37646","1.37646","1.37646","1.35646","1.35646","1.35646"
"306","1.19726","1.19726","1.19726","1.31125","1.31125","1.31125","1.39411","1.39411","1.39411","1.33349","1.33349","1.33349"
"307","1.20423","1.20423","1.20423","1.32241","1.32241","1.32241","1.38858","1.38858","1.38858","1.32361","1.32361","1.32361"
"308","1.19099","1.19099","1.19099","1.28873","1.28873","1.28873","1.35834","1.35834","1.35834","1.3396","1.3396","1.3396"
"309","1.18737","1.18737","1.18737","1.30648","1.30648","1.30648","1.37291","1.37291","1.37291","1.33665","1.33665","1.33665"
"310","1.1835","1.1835","1.1835","1.30968","1.30968","1.30968","1.3648","1.3648","1.3648","1.33728","1.33728","1.33728"
"311","1.17722","1.17722","1.17722","1.29998","1.29998","1.29998","1.37071","1.37071","1.37071","1.39025","1.39025","1.39025"
"312","1.18123","1.18123","1.18123","1.30053","1.30053","1.30053","1.3531","1.3531","1.3531","1.35222","1.35222","1.35222"
"313","1.16703","1.16703","1.16703","1.28495","1.28495","1.28495","1.35153","1.35153","1.35153","1.34324","1.34324","1.34324"
"314","1.18772","1.18772","1.18772","1.30768","1.30768","1.30768","1.36705","1.36705","1.36705","1.33139","1.33139","1.33139"
"315","1.18105","1.18105","1.18105","1.29881","1.29881","1.29881","1.36551","1.36551","1.36551","1.34892","1.34892","1.34892"
"316","1.16517","1.16517","1.16517","1.29131","1.29131","1.29131","1.36503","1.36503","1.36503","1.36793","1.36793","1.36793"
"317","1.16362","1.16362","1.16362","1.2798","1.2798","1.2798","1.36284","1.36284","1.36284","1.36413","1.36413","1.36413"
"318","1.17156","1.17156","1.17156","1.31087","1.31087","1.31087","1.36171","1.36171","1.36171","1.36164","1.36164","1.36164"
"319","1.1551","1.1551","1.1551","1.27981","1.27981","1.27981","1.34314","1.34314","1.34314","1.33785","1.33785","1.33785"
"320","1.14584","1.14584","1.14584","1.27376","1.27376","1.27376","1.30632","1.30632","1.30632","1.36057","1.36057","1.36057"
"321","1.17868","1.17868","1.17868","1.29257","1.29257","1.29257","1.35889","1.35889","1.35889","1.34299","1.34299","1.34299"
"322","1.18658","1.18658","1.18658","1.30346","1.30346","1.30346","1.35798","1.35798","1.35798","1.32061","1.32061","1.32061"
"323","1.18079","1.18079","1.18079","1.31056","1.31056","1.31056","1.36162","1.36162","1.36162","1.35579","1.35579","1.35579"
"324","1.1797","1.1797","1.1797","1.30388","1.30388","1.30388","1.32811","1.32811","1.32811","1.34072","1.34072","1.34072"
"325","1.17044","1.17044","1.17044","1.27432","1.27432","1.27432","1.34417","1.34417","1.34417","1.31453","1.31453","1.31453"
"326","1.16326","1.16326","1.16326","1.28883","1.28883","1.28883","1.33416","1.33416","1.33416","1.31073","1.31073","1.31073"
"327","1.20699","1.20699","1.20699","1.32117","1.32117","1.32117","1.34067","1.34067","1.34067","1.33979","1.33979","1.33979"
"328","1.18671","1.18671","1.18671","1.2929","1.2929","1.2929","1.36459","1.36459","1.36459","1.35583","1.35583","1.35583"
"329","1.17613","1.17613","1.17613","1.28095","1.28095","1.28095","1.36736","1.36736","1.36736","1.35773","1.35773","1.35773"
"330","1.18196","1.18196","1.18196","1.2819","1.2819","1.2819","1.35732","1.35732","1.35732","1.30594","1.30594","1.30594"
"331","1.16284","1.16284","1.16284","1.27502","1.27502","1.27502","1.36103","1.36103","1.36103","1.31437","1.31437","1.31437"
"332","1.17228","1.17228","1.17228","1.29913","1.29913","1.29913","1.36129","1.36129","1.36129","1.32881","1.32881","1.32881"
"333","1.17001","1.17001","1.17001","1.28339","1.28339","1.28339","1.34469","1.34469","1.34469","1.34369","1.34369","1.34369"
"334","1.16749","1.16749","1.16749","1.28318","1.28318","1.28318","1.35881","1.35881","1.35881","1.33275","1.33275","1.33275"
"335","1.16266","1.16266","1.16266","1.27912","1.27912","1.27912","1.34912","1.34912","1.34912","1.3186","1.3186","1.3186"
"336","1.16603","1.16603","1.16603","1.28415","1.28415","1.28415","1.35473","1.35473","1.35473","1.29436","1.29436","1.29436"
"337","1.15683","1.15683","1.15683","1.27147","1.27147","1.27147","1.33356","1.33356","1.33356","1.2845","1.2845","1.2845"
"338","1.15095","1.15095","1.15095","1.26066","1.26066","1.26066","1.31807","1.31807","1.31807","1.3146","1.3146","1.3146"
"339","1.17145","1.17145","1.17145","1.28063","1.28063","1.28063","1.34389","1.34389","1.34389","1.30516","1.30516","1.30516"
"340","1.1809","1.1809","1.1809","1.30374","1.30374","1.30374","1.33924","1.33924","1.33924","1.32436","1.32436","1.32436"
"341","1.15838","1.15838","1.15838","1.27056","1.27056","1.27056","1.32901","1.32901","1.32901","1.30355","1.30355","1.30355"
"342","1.16988","1.16988","1.16988","1.27577","1.27577","1.27577","1.3367","1.3367","1.3367","1.3282","1.3282","1.3282"
"343","1.17957","1.17957","1.17957","1.29165","1.29165","1.29165","1.36787","1.36787","1.36787","1.31644","1.31644","1.31644"
"344","1.1541","1.1541","1.1541","1.26356","1.26356","1.26356","1.33188","1.33188","1.33188","1.31792","1.31792","1.31792"
"345","1.15993","1.15993","1.15993","1.26456","1.26456","1.26456","1.31668","1.31668","1.31668","1.30868","1.30868","1.30868"
"346","1.19258","1.19258","1.19258","1.29938","1.29938","1.29938","1.32924","1.32924","1.32924","1.32279","1.32279","1.32279"
"347","1.16892","1.16892","1.16892","1.28009","1.28009","1.28009","1.3375","1.3375","1.3375","1.30273","1.30273","1.30273"
"348","1.16963","1.16963","1.16963","1.26963","1.26963","1.26963","1.33887","1.33887","1.33887","1.30497","1.30497","1.30497"
"349","1.14282","1.14282","1.14282","1.24378","1.24378","1.24378","1.29961","1.29961","1.29961","1.31234","1.31234","1.31234"
"350","1.14009","1.14009","1.14009","1.24231","1.24231","1.24231","1.31933","1.31933","1.31933","1.31374","1.31374","1.31374"
"351","1.16559","1.16559","1.16559","1.28938","1.28938","1.28938","1.3452","1.3452","1.3452","1.34588","1.34588","1.34588"
"352","1.14997","1.14997","1.14997","1.25758","1.25758","1.25758","1.32428","1.32428","1.32428","1.2794","1.2794","1.2794"
"353","1.13931","1.13931","1.13931","1.24557","1.24557","1.24557","1.31538","1.31538","1.31538","1.30587","1.30587","1.30587"
"354","1.16296","1.16296","1.16296","1.25832","1.25832","1.25832","1.31008","1.31008","1.31008","1.33278","1.33278","1.33278"
"355","1.16952","1.16952","1.16952","1.28737","1.28737","1.28737","1.33557","1.33557","1.33557","1.30903","1.30903","1.30903"
"356","1.1524","1.1524","1.1524","1.25645","1.25645","1.25645","1.34753","1.34753","1.34753","1.29038","1.29038","1.29038"
"357","1.17107","1.17107","1.17107","1.29139","1.29139","1.29139","1.35035","1.35035","1.35035","1.29941","1.29941","1.29941"
"358","1.16318","1.16318","1.16318","1.27405","1.27405","1.27405","1.32879","1.32879","1.32879","1.3191","1.3191","1.3191"
"359","1.15332","1.15332","1.15332","1.26374","1.26374","1.26374","1.3252","1.3252","1.3252","1.29608","1.29608","1.29608"
"360","1.16384","1.16384","1.16384","1.26162","1.26162","1.26162","1.3249","1.3249","1.3249","1.32416","1.32416","1.32416"
"361","1.13823","1.13823","1.13823","1.24867","1.24867","1.24867","1.33234","1.33234","1.33234","1.33281","1.33281","1.33281"
"362","1.14697","1.14697","1.14697","1.25205","1.25205","1.25205","1.32538","1.32538","1.32538","1.29462","1.29462","1.29462"
"363","1.13947","1.13947","1.13947","1.24875","1.24875","1.24875","1.34188","1.34188","1.34188","1.29941","1.29941","1.29941"
"364","1.16568","1.16568","1.16568","1.26468","1.26468","1.26468","1.34239","1.34239","1.34239","1.28522","1.28522","1.28522"
"365","1.16023","1.16023","1.16023","1.24468","1.24468","1.24468","1.32416","1.32416","1.32416","1.27236","1.27236","1.27236"
"366","1.14038","1.14038","1.14038","1.22655","1.22655","1.22655","1.29986","1.29986","1.29986","1.29186","1.29186","1.29186"
"367","1.1451","1.1451","1.1451","1.2414","1.2414","1.2414","1.30901","1.30901","1.30901","1.30307","1.30307","1.30307"
"368","1.15784","1.15784","1.15784","1.25878","1.25878","1.25878","1.32327","1.32327","1.32327","1.29914","1.29914","1.29914"
"369","1.147","1.147","1.147","1.24526","1.24526","1.24526","1.32525","1.32525","1.32525","1.3023","1.3023","1.3023"
"370","1.13811","1.13811","1.13811","1.24614","1.24614","1.24614","1.29832","1.29832","1.29832","1.35876","1.35876","1.35876"
"371","1.13825","1.13825","1.13825","1.24829","1.24829","1.24829","1.33084","1.33084","1.33084","1.30704","1.30704","1.30704"
"372","1.13973","1.13973","1.13973","1.24163","1.24163","1.24163","1.33742","1.33742","1.33742","1.33478","1.33478","1.33478"
"373","1.1374","1.1374","1.1374","1.23928","1.23928","1.23928","1.30143","1.30143","1.30143","1.30754","1.30754","1.30754"
"374","1.11792","1.11792","1.11792","1.21768","1.21768","1.21768","1.3064","1.3064","1.3064","1.29435","1.29435","1.29435"
"375","1.12447","1.12447","1.12447","1.22933","1.22933","1.22933","1.31489","1.31489","1.31489","1.29031","1.29031","1.29031"
"376","1.13291","1.13291","1.13291","1.24389","1.24389","1.24389","1.31719","1.31719","1.31719","1.30544","1.30544","1.30544"
"377","1.15171","1.15171","1.15171","1.2659","1.2659","1.2659","1.32814","1.32814","1.32814","1.28687","1.28687","1.28687"
"378","1.13663","1.13663","1.13663","1.2415","1.2415","1.2415","1.31742","1.31742","1.31742","1.29818","1.29818","1.29818"
"379","1.13556","1.13556","1.13556","1.24573","1.24573","1.24573","1.3026","1.3026","1.3026","1.29667","1.29667","1.29667"
"380","1.13508","1.13508","1.13508","1.24196","1.24196","1.24196","1.30397","1.30397","1.30397","1.32609","1.32609","1.32609"
"381","1.14546","1.14546","1.14546","1.25514","1.25514","1.25514","1.33933","1.33933","1.33933","1.29005","1.29005","1.29005"
"382","1.13281","1.13281","1.13281","1.24507","1.24507","1.24507","1.30009","1.30009","1.30009","1.27831","1.27831","1.27831"
"383","1.1445","1.1445","1.1445","1.25376","1.25376","1.25376","1.31624","1.31624","1.31624","1.28537","1.28537","1.28537"
"384","1.13883","1.13883","1.13883","1.25448","1.25448","1.25448","1.31918","1.31918","1.31918","1.2884","1.2884","1.2884"
"385","1.14893","1.14893","1.14893","1.24057","1.24057","1.24057","1.29606","1.29606","1.29606","1.27627","1.27627","1.27627"
"386","1.14629","1.14629","1.14629","1.26463","1.26463","1.26463","1.31955","1.31955","1.31955","1.2761","1.2761","1.2761"
"387","1.12186","1.12186","1.12186","1.22546","1.22546","1.22546","1.28264","1.28264","1.28264","1.26151","1.26151","1.26151"
"388","1.1384","1.1384","1.1384","1.24025","1.24025","1.24025","1.2929","1.2929","1.2929","1.25849","1.25849","1.25849"
"389","1.13483","1.13483","1.13483","1.23979","1.23979","1.23979","1.30772","1.30772","1.30772","1.29326","1.29326","1.29326"
"390","1.14818","1.14818","1.14818","1.26043","1.26043","1.26043","1.31291","1.31291","1.31291","1.27226","1.27226","1.27226"
"391","1.12796","1.12796","1.12796","1.22491","1.22491","1.22491","1.30704","1.30704","1.30704","1.29507","1.29507","1.29507"
"392","1.14581","1.14581","1.14581","1.26294","1.26294","1.26294","1.31397","1.31397","1.31397","1.28158","1.28158","1.28158"
"393","1.11687","1.11687","1.11687","1.21275","1.21275","1.21275","1.29762","1.29762","1.29762","1.27541","1.27541","1.27541"
"394","1.12824","1.12824","1.12824","1.23862","1.23862","1.23862","1.29633","1.29633","1.29633","1.2539","1.2539","1.2539"
"395","1.14785","1.14785","1.14785","1.24794","1.24794","1.24794","1.30332","1.30332","1.30332","1.28952","1.28952","1.28952"
"396","1.1469","1.1469","1.1469","1.24186","1.24186","1.24186","1.29067","1.29067","1.29067","1.25877","1.25877","1.25877"
"397","1.12829","1.12829","1.12829","1.22446","1.22446","1.22446","1.29857","1.29857","1.29857","1.26103","1.26103","1.26103"
"398","1.1301","1.1301","1.1301","1.23215","1.23215","1.23215","1.29348","1.29348","1.29348","1.28169","1.28169","1.28169"
"399","1.14281","1.14281","1.14281","1.23204","1.23204","1.23204","1.30519","1.30519","1.30519","1.2569","1.2569","1.2569"
"400","1.12953","1.12953","1.12953","1.22686","1.22686","1.22686","1.30853","1.30853","1.30853","1.27595","1.27595","1.27595"
"401","1.12517","1.12517","1.12517","1.24015","1.24015","1.24015","1.28789","1.28789","1.28789","1.2457","1.2457","1.2457"
"402","1.13304","1.13304","1.13304","1.24577","1.24577","1.24577","1.30854","1.30854","1.30854","1.27345","1.27345","1.27345"
"403","1.12304","1.12304","1.12304","1.23279","1.23279","1.23279","1.27054","1.27054","1.27054","1.24858","1.24858","1.24858"
"404","1.11491","1.11491","1.11491","1.22809","1.22809","1.22809","1.29567","1.29567","1.29567","1.27125","1.27125","1.27125"
"405","1.13104","1.13104","1.13104","1.24272","1.24272","1.24272","1.30915","1.30915","1.30915","1.24386","1.24386","1.24386"
"406","1.12245","1.12245","1.12245","1.2331","1.2331","1.2331","1.29192","1.29192","1.29192","1.27169","1.27169","1.27169"
"407","1.11404","1.11404","1.11404","1.21387","1.21387","1.21387","1.25522","1.25522","1.25522","1.28937","1.28937","1.28937"
"408","1.10098","1.10098","1.10098","1.20568","1.20568","1.20568","1.26656","1.26656","1.26656","1.27966","1.27966","1.27966"
"409","1.11598","1.11598","1.11598","1.2151","1.2151","1.2151","1.26846","1.26846","1.26846","1.24202","1.24202","1.24202"
"410","1.11843","1.11843","1.11843","1.21909","1.21909","1.21909","1.30683","1.30683","1.30683","1.23176","1.23176","1.23176"
"411","1.12744","1.12744","1.12744","1.22829","1.22829","1.22829","1.26763","1.26763","1.26763","1.2379","1.2379","1.2379"
"412","1.11139","1.11139","1.11139","1.21407","1.21407","1.21407","1.29592","1.29592","1.29592","1.24742","1.24742","1.24742"
"413","1.11693","1.11693","1.11693","1.21946","1.21946","1.21946","1.30049","1.30049","1.30049","1.23972","1.23972","1.23972"
"414","1.12731","1.12731","1.12731","1.23038","1.23038","1.23038","1.30978","1.30978","1.30978","1.2575","1.2575","1.2575"
"415","1.11942","1.11942","1.11942","1.22908","1.22908","1.22908","1.27646","1.27646","1.27646","1.24784","1.24784","1.24784"
"416","1.12843","1.12843","1.12843","1.24402","1.24402","1.24402","1.2934","1.2934","1.2934","1.26631","1.26631","1.26631"
"417","1.11609","1.11609","1.11609","1.20632","1.20632","1.20632","1.27283","1.27283","1.27283","1.23092","1.23092","1.23092"
"418","1.11716","1.11716","1.11716","1.22671","1.22671","1.22671","1.30894","1.30894","1.30894","1.23288","1.23288","1.23288"
"419","1.11036","1.11036","1.11036","1.19745","1.19745","1.19745","1.25487","1.25487","1.25487","1.26471","1.26471","1.26471"
"420","1.11643","1.11643","1.11643","1.21222","1.21222","1.21222","1.29144","1.29144","1.29144","1.23543","1.23543","1.23543"
"421","1.1242","1.1242","1.1242","1.22624","1.22624","1.22624","1.26952","1.26952","1.26952","1.25805","1.25805","1.25805"
"422","1.09175","1.09175","1.09175","1.18739","1.18739","1.18739","1.26006","1.26006","1.26006","1.25178","1.25178","1.25178"
"423","1.10302","1.10302","1.10302","1.20432","1.20432","1.20432","1.2784","1.2784","1.2784","1.24259","1.24259","1.24259"
"424","1.09621","1.09621","1.09621","1.19821","1.19821","1.19821","1.25688","1.25688","1.25688","1.26195","1.26195","1.26195"
"425","1.10151","1.10151","1.10151","1.19759","1.19759","1.19759","1.25617","1.25617","1.25617","1.24202","1.24202","1.24202"
"426","1.10233","1.10233","1.10233","1.18447","1.18447","1.18447","1.26429","1.26429","1.26429","1.21463","1.21463","1.21463"
"427","1.10278","1.10278","1.10278","1.20575","1.20575","1.20575","1.27192","1.27192","1.27192","1.22955","1.22955","1.22955"
"428","1.10995","1.10995","1.10995","1.20057","1.20057","1.20057","1.2711","1.2711","1.2711","1.26017","1.26017","1.26017"
"429","1.11304","1.11304","1.11304","1.21688","1.21688","1.21688","1.25339","1.25339","1.25339","1.24664","1.24664","1.24664"
"430","1.10923","1.10923","1.10923","1.21188","1.21188","1.21188","1.27861","1.27861","1.27861","1.25719","1.25719","1.25719"
"431","1.10564","1.10564","1.10564","1.19558","1.19558","1.19558","1.26045","1.26045","1.26045","1.25097","1.25097","1.25097"
"432","1.10737","1.10737","1.10737","1.20696","1.20696","1.20696","1.26127","1.26127","1.26127","1.24746","1.24746","1.24746"
"433","1.10352","1.10352","1.10352","1.19789","1.19789","1.19789","1.25734","1.25734","1.25734","1.22217","1.22217","1.22217"
"434","1.10537","1.10537","1.10537","1.2108","1.2108","1.2108","1.26433","1.26433","1.26433","1.24697","1.24697","1.24697"
"435","1.10327","1.10327","1.10327","1.20881","1.20881","1.20881","1.26391","1.26391","1.26391","1.22318","1.22318","1.22318"
"436","1.09809","1.09809","1.09809","1.18734","1.18734","1.18734","1.23229","1.23229","1.23229","1.25213","1.25213","1.25213"
"437","1.08659","1.08659","1.08659","1.18608","1.18608","1.18608","1.2471","1.2471","1.2471","1.23666","1.23666","1.23666"
"438","1.10034","1.10034","1.10034","1.19379","1.19379","1.19379","1.26675","1.26675","1.26675","1.2408","1.2408","1.2408"
"439","1.08942","1.08942","1.08942","1.19627","1.19627","1.19627","1.25717","1.25717","1.25717","1.25775","1.25775","1.25775"
"440","1.11775","1.11775","1.11775","1.21347","1.21347","1.21347","1.25483","1.25483","1.25483","1.23779","1.23779","1.23779"
"441","1.09066","1.09066","1.09066","1.1922","1.1922","1.1922","1.23598","1.23598","1.23598","1.25738","1.25738","1.25738"
"442","1.10589","1.10589","1.10589","1.21809","1.21809","1.21809","1.26791","1.26791","1.26791","1.23681","1.23681","1.23681"
"443","1.10042","1.10042","1.10042","1.2073","1.2073","1.2073","1.2632","1.2632","1.2632","1.24313","1.24313","1.24313"
"444","1.08855","1.08855","1.08855","1.18586","1.18586","1.18586","1.24211","1.24211","1.24211","1.22173","1.22173","1.22173"
"445","1.09041","1.09041","1.09041","1.183","1.183","1.183","1.25108","1.25108","1.25108","1.24971","1.24971","1.24971"
"446","1.08431","1.08431","1.08431","1.17979","1.17979","1.17979","1.26663","1.26663","1.26663","1.24722","1.24722","1.24722"
"447","1.08345","1.08345","1.08345","1.17646","1.17646","1.17646","1.25724","1.25724","1.25724","1.22487","1.22487","1.22487"
"448","1.08852","1.08852","1.08852","1.19971","1.19971","1.19971","1.26453","1.26453","1.26453","1.21011","1.21011","1.21011"
"449","1.08403","1.08403","1.08403","1.1738","1.1738","1.1738","1.24391","1.24391","1.24391","1.25083","1.25083","1.25083"
"450","1.09108","1.09108","1.09108","1.18831","1.18831","1.18831","1.25698","1.25698","1.25698","1.21606","1.21606","1.21606"
"451","","","","1.17827","1.17827","1.17827","1.24854","1.24854","1.24854","1.25794","1.25794","1.25794"
"452","","","","1.19531","1.19531","1.19531","1.25865","1.25865","1.25865","1.2281","1.2281","1.2281"
"453","","","","1.18057","1.18057","1.18057","1.23903","1.23903","1.23903","1.21685","1.21685","1.21685"
"454","","","","1.17141","1.17141","1.17141","1.22305","1.22305","1.22305","1.23585","1.23585","1.23585"
"455","","","","1.1616","1.1616","1.1616","1.23534","1.23534","1.23534","1.23356","1.23356","1.23356"
"456","","","","1.17619","1.17619","1.17619","1.25644","1.25644","1.25644","1.2524","1.2524","1.2524"
"457","","","","1.17665","1.17665","1.17665","1.235","1.235","1.235","1.24276","1.24276","1.24276"
"458","","","","1.16672","1.16672","1.16672","1.25061","1.25061","1.25061","1.22704","1.22704","1.22704"
"459","","","","1.18207","1.18207","1.18207","1.24245","1.24245","1.24245","1.20458","1.20458","1.20458"
"460","","","","1.185","1.185","1.185","1.22763","1.22763","1.22763","1.20243","1.20243","1.20243"
"461","","","","1.18851","1.18851","1.18851","1.22878","1.22878","1.22878","1.22362","1.22362","1.22362"
"462","","","","1.16563","1.16563","1.16563","1.24687","1.24687","1.24687","1.23474","1.23474","1.23474"
"463","","","","1.1836","1.1836","1.1836","1.23265","1.23265","1.23265","1.24195","1.24195","1.24195"
"464","","","","1.16648","1.16648","1.16648","1.26359","1.26359","1.26359","1.22182","1.22182","1.22182"
"465","","","","1.17222","1.17222","1.17222","1.24409","1.24409","1.24409","1.20423","1.20423","1.20423"
"466","","","","1.177","1.177","1.177","1.24279","1.24279","1.24279","1.2166","1.2166","1.2166"
"467","","","","1.14494","1.14494","1.14494","1.21827","1.21827","1.21827","1.20454","1.20454","1.20454"
"468","","","","1.18673","1.18673","1.18673","1.22613","1.22613","1.22613","1.21545","1.21545","1.21545"
"469","","","","1.18273","1.18273","1.18273","1.23749","1.23749","1.23749","1.19745","1.19745","1.19745"
"470","","","","1.17561","1.17561","1.17561","1.2397","1.2397","1.2397","1.2023","1.2023","1.2023"
"471","","","","1.18562","1.18562","1.18562","1.25866","1.25866","1.25866","1.19939","1.19939","1.19939"
"472","","","","1.18161","1.18161","1.18161","1.22939","1.22939","1.22939","1.21205","1.21205","1.21205"
"473","","","","1.19309","1.19309","1.19309","1.23328","1.23328","1.23328","1.2111","1.2111","1.2111"
"474","","","","1.14603","1.14603","1.14603","1.20833","1.20833","1.20833","1.21064","1.21064","1.21064"
"475","","","","1.16175","1.16175","1.16175","1.21987","1.21987","1.21987","1.1977","1.1977","1.1977"
"476","","","","1.14149","1.14149","1.14149","1.21192","1.21192","1.21192","1.19827","1.19827","1.19827"
"477","","","","1.16198","1.16198","1.16198","1.2201","1.2201","1.2201","1.19928","1.19928","1.19928"
"478","","","","1.15589","1.15589","1.15589","1.22465","1.22465","1.22465","1.22441","1.22441","1.22441"
"479","","","","1.12994","1.12994","1.12994","1.18839","1.18839","1.18839","1.23542","1.23542","1.23542"
"480","","","","1.16267","1.16267","1.16267","1.21739","1.21739","1.21739","1.19932","1.19932","1.19932"
"481","","","","1.16092","1.16092","1.16092","1.22182","1.22182","1.22182","1.18789","1.18789","1.18789"
"482","","","","1.16558","1.16558","1.16558","1.21332","1.21332","1.21332","1.2007","1.2007","1.2007"
"483","","","","1.15694","1.15694","1.15694","1.21472","1.21472","1.21472","1.24059","1.24059","1.24059"
"484","","","","1.16045","1.16045","1.16045","1.19386","1.19386","1.19386","1.20965","1.20965","1.20965"
"485","","","","1.14572","1.14572","1.14572","1.19973","1.19973","1.19973","1.19121","1.19121","1.19121"
"486","","","","1.14929","1.14929","1.14929","1.21557","1.21557","1.21557","1.18939","1.18939","1.18939"
"487","","","","1.15619","1.15619","1.15619","1.21036","1.21036","1.21036","1.19534","1.19534","1.19534"
"488","","","","1.17129","1.17129","1.17129","1.20334","1.20334","1.20334","1.21759","1.21759","1.21759"
"489","","","","1.16556","1.16556","1.16556","1.19847","1.19847","1.19847","1.18037","1.18037","1.18037"
"490","","","","1.16401","1.16401","1.16401","1.21726","1.21726","1.21726","1.19579","1.19579","1.19579"
"491","","","","1.13639","1.13639","1.13639","1.19647","1.19647","1.19647","1.17471","1.17471","1.17471"
"492","","","","1.11814","1.11814","1.11814","1.17098","1.17098","1.17098","1.14687","1.14687","1.14687"
"493","","","","1.13105","1.13105","1.13105","1.17916","1.17916","1.17916","1.13348","1.13348","1.13348"
"494","","","","1.10762","1.10762","1.10762","1.16337","1.16337","1.16337","1.12774","1.12774","1.12774"
"495","","","","1.09697","1.09697","1.09697","1.16605","1.16605","1.16605","1.1356","1.1356","1.1356"
"496","","","","1.09667","1.09667","1.09667","1.14045","1.14045","1.14045","1.13853","1.13853","1.13853"
"497","","","","1.10768","1.10768","1.10768","1.15394","1.15394","1.15394","1.13664","1.13664","1.13664"
"498","","","","1.11237","1.11237","1.11237","1.1375","1.1375","1.1375","1.15361","1.15361","1.15361"
"499","","","","1.10027","1.10027","1.10027","1.13976","1.13976","1.13976","1.12153","1.12153","1.12153"
"500","","","","1.10604","1.10604","1.10604","1.15088","1.15088","1.15088","1.13512","1.13512","1.13512"