"Step","05072025_yolov11n_histEQ - train/box_loss","05072025_yolov11n_histEQ - train/box_loss__MIN","05072025_yolov11n_histEQ - train/box_loss__MAX","05072025_yolov11s_histEQ2 - train/box_loss","05072025_yolov11s_histEQ2 - train/box_loss__MIN","05072025_yolov11s_histEQ2 - train/box_loss__MAX","05072025_yolov11l_histEQ3 - train/box_loss","05072025_yolov11l_histEQ3 - train/box_loss__MIN","05072025_yolov11l_histEQ3 - train/box_loss__MAX","04072025_yolov11m_histEQ - train/box_loss","04072025_yolov11m_histEQ - train/box_loss__MIN","04072025_yolov11m_histEQ - train/box_loss__MAX"
"1","2.00345","2.00345","2.00345","2.51746","2.51746","2.51746","2.92603","2.92603","2.92603","2.70619","2.70619","2.70619"
"2","1.6979","1.6979","1.6979","2.43409","2.43409","2.43409","2.86423","2.86423","2.86423","2.74908","2.74908","2.74908"
"3","1.68476","1.68476","1.68476","2.22246","2.22246","2.22246","2.66696","2.66696","2.66696","2.58208","2.58208","2.58208"
"4","1.57581","1.57581","1.57581","2.03606","2.03606","2.03606","2.61151","2.61151","2.61151","2.5133","2.5133","2.5133"
"5","1.42978","1.42978","1.42978","1.94986","1.94986","1.94986","2.50988","2.50988","2.50988","2.414","2.414","2.414"
"6","1.41314","1.41314","1.41314","1.87427","1.87427","1.87427","2.47311","2.47311","2.47311","2.37555","2.37555","2.37555"
"7","1.35385","1.35385","1.35385","1.92497","1.92497","1.92497","2.383","2.383","2.383","2.27149","2.27149","2.27149"
"8","1.26223","1.26223","1.26223","1.84194","1.84194","1.84194","2.33144","2.33144","2.33144","2.17998","2.17998","2.17998"
"9","1.24717","1.24717","1.24717","1.77421","1.77421","1.77421","2.27571","2.27571","2.27571","2.14696","2.14696","2.14696"
"10","1.18838","1.18838","1.18838","1.68735","1.68735","1.68735","2.21458","2.21458","2.21458","2.13126","2.13126","2.13126"
"11","1.16748","1.16748","1.16748","1.65564","1.65564","1.65564","2.16695","2.16695","2.16695","2.04961","2.04961","2.04961"
"12","1.13311","1.13311","1.13311","1.59303","1.59303","1.59303","2.14215","2.14215","2.14215","2.01062","2.01062","2.01062"
"13","1.11147","1.11147","1.11147","1.63429","1.63429","1.63429","2.09106","2.09106","2.09106","1.93329","1.93329","1.93329"
"14","1.08752","1.08752","1.08752","1.56444","1.56444","1.56444","2.06179","2.06179","2.06179","1.89219","1.89219","1.89219"
"15","1.13013","1.13013","1.13013","1.50886","1.50886","1.50886","2.04018","2.04018","2.04018","1.89862","1.89862","1.89862"
"16","1.14315","1.14315","1.14315","1.51728","1.51728","1.51728","1.94786","1.94786","1.94786","1.77105","1.77105","1.77105"
"17","1.03783","1.03783","1.03783","1.4864","1.4864","1.4864","1.97006","1.97006","1.97006","1.77527","1.77527","1.77527"
"18","1.08855","1.08855","1.08855","1.47713","1.47713","1.47713","1.94521","1.94521","1.94521","1.69172","1.69172","1.69172"
"19","1.0522","1.0522","1.0522","1.45966","1.45966","1.45966","1.90979","1.90979","1.90979","1.72509","1.72509","1.72509"
"20","1.06989","1.06989","1.06989","1.41957","1.41957","1.41957","1.89477","1.89477","1.89477","1.72214","1.72214","1.72214"
"21","1.00495","1.00495","1.00495","1.36681","1.36681","1.36681","1.76044","1.76044","1.76044","1.75424","1.75424","1.75424"
"22","1.0482","1.0482","1.0482","1.4191","1.4191","1.4191","1.75869","1.75869","1.75869","1.6448","1.6448","1.6448"
"23","1.00708","1.00708","1.00708","1.40103","1.40103","1.40103","1.8219","1.8219","1.8219","1.57392","1.57392","1.57392"
"24","1.00956","1.00956","1.00956","1.39021","1.39021","1.39021","1.7935","1.7935","1.7935","1.62174","1.62174","1.62174"
"25","1.00198","1.00198","1.00198","1.33659","1.33659","1.33659","1.77543","1.77543","1.77543","1.57118","1.57118","1.57118"
"26","0.98572","0.98572","0.98572","1.28512","1.28512","1.28512","1.67224","1.67224","1.67224","1.51811","1.51811","1.51811"
"27","0.96937","0.96937","0.96937","1.2503","1.2503","1.2503","1.6522","1.6522","1.6522","1.51106","1.51106","1.51106"
"28","0.99282","0.99282","0.99282","1.28866","1.28866","1.28866","1.64007","1.64007","1.64007","1.53258","1.53258","1.53258"
"29","1.03516","1.03516","1.03516","1.29265","1.29265","1.29265","1.58106","1.58106","1.58106","1.53608","1.53608","1.53608"
"30","0.98264","0.98264","0.98264","1.24707","1.24707","1.24707","1.55727","1.55727","1.55727","1.50848","1.50848","1.50848"
"31","0.96428","0.96428","0.96428","1.30809","1.30809","1.30809","1.56448","1.56448","1.56448","1.46006","1.46006","1.46006"
"32","0.97466","0.97466","0.97466","1.29012","1.29012","1.29012","1.55739","1.55739","1.55739","1.46302","1.46302","1.46302"
"33","0.91969","0.91969","0.91969","1.2397","1.2397","1.2397","1.54689","1.54689","1.54689","1.37253","1.37253","1.37253"
"34","0.89963","0.89963","0.89963","1.21359","1.21359","1.21359","1.50205","1.50205","1.50205","1.44172","1.44172","1.44172"
"35","0.94067","0.94067","0.94067","1.24823","1.24823","1.24823","1.46824","1.46824","1.46824","1.39011","1.39011","1.39011"
"36","0.92684","0.92684","0.92684","1.20541","1.20541","1.20541","1.45301","1.45301","1.45301","1.39921","1.39921","1.39921"
"37","0.93002","0.93002","0.93002","1.20892","1.20892","1.20892","1.44665","1.44665","1.44665","1.32383","1.32383","1.32383"
"38","0.94449","0.94449","0.94449","1.21892","1.21892","1.21892","1.4845","1.4845","1.4845","1.32581","1.32581","1.32581"
"39","0.91765","0.91765","0.91765","1.21024","1.21024","1.21024","1.48186","1.48186","1.48186","1.30981","1.30981","1.30981"
"40","0.90602","0.90602","0.90602","1.20496","1.20496","1.20496","1.47199","1.47199","1.47199","1.30065","1.30065","1.30065"
"41","0.91002","0.91002","0.91002","1.20759","1.20759","1.20759","1.48814","1.48814","1.48814","1.35607","1.35607","1.35607"
"42","0.87459","0.87459","0.87459","1.18065","1.18065","1.18065","1.41547","1.41547","1.41547","1.31436","1.31436","1.31436"
"43","0.87553","0.87553","0.87553","1.18477","1.18477","1.18477","1.39434","1.39434","1.39434","1.27386","1.27386","1.27386"
"44","0.88547","0.88547","0.88547","1.16674","1.16674","1.16674","1.36951","1.36951","1.36951","1.30066","1.30066","1.30066"
"45","0.88611","0.88611","0.88611","1.14141","1.14141","1.14141","1.36755","1.36755","1.36755","1.2967","1.2967","1.2967"
"46","0.84287","0.84287","0.84287","1.0871","1.0871","1.0871","1.37745","1.37745","1.37745","1.29539","1.29539","1.29539"
"47","0.8759","0.8759","0.8759","1.13594","1.13594","1.13594","1.39819","1.39819","1.39819","1.24908","1.24908","1.24908"
"48","0.896","0.896","0.896","1.15538","1.15538","1.15538","1.37521","1.37521","1.37521","1.17416","1.17416","1.17416"
"49","0.86233","0.86233","0.86233","1.11827","1.11827","1.11827","1.33109","1.33109","1.33109","1.20545","1.20545","1.20545"
"50","0.86583","0.86583","0.86583","1.10715","1.10715","1.10715","1.34423","1.34423","1.34423","1.19284","1.19284","1.19284"
"51","0.89307","0.89307","0.89307","1.09832","1.09832","1.09832","1.36863","1.36863","1.36863","1.20039","1.20039","1.20039"
"52","0.8843","0.8843","0.8843","1.08106","1.08106","1.08106","1.38534","1.38534","1.38534","1.22467","1.22467","1.22467"
"53","0.86386","0.86386","0.86386","1.02371","1.02371","1.02371","1.31471","1.31471","1.31471","1.2055","1.2055","1.2055"
"54","0.85686","0.85686","0.85686","1.09309","1.09309","1.09309","1.28525","1.28525","1.28525","1.18335","1.18335","1.18335"
"55","0.85982","0.85982","0.85982","1.06157","1.06157","1.06157","1.26702","1.26702","1.26702","1.22053","1.22053","1.22053"
"56","0.87091","0.87091","0.87091","1.06164","1.06164","1.06164","1.25991","1.25991","1.25991","1.20089","1.20089","1.20089"
"57","0.82994","0.82994","0.82994","1.04139","1.04139","1.04139","1.2548","1.2548","1.2548","1.19228","1.19228","1.19228"
"58","0.83729","0.83729","0.83729","1.04371","1.04371","1.04371","1.26028","1.26028","1.26028","1.15018","1.15018","1.15018"
"59","0.81989","0.81989","0.81989","1.07491","1.07491","1.07491","1.25567","1.25567","1.25567","1.17149","1.17149","1.17149"
"60","0.85733","0.85733","0.85733","1.07138","1.07138","1.07138","1.21146","1.21146","1.21146","1.13496","1.13496","1.13496"
"61","0.84404","0.84404","0.84404","1.02813","1.02813","1.02813","1.20755","1.20755","1.20755","1.13684","1.13684","1.13684"
"62","0.8261","0.8261","0.8261","1.01318","1.01318","1.01318","1.15743","1.15743","1.15743","1.13356","1.13356","1.13356"
"63","0.84873","0.84873","0.84873","1.02266","1.02266","1.02266","1.14531","1.14531","1.14531","1.12805","1.12805","1.12805"
"64","0.86257","0.86257","0.86257","1.04781","1.04781","1.04781","1.17615","1.17615","1.17615","1.15129","1.15129","1.15129"
"65","0.83852","0.83852","0.83852","1.00916","1.00916","1.00916","1.18747","1.18747","1.18747","1.13845","1.13845","1.13845"
"66","0.83999","0.83999","0.83999","1.0033","1.0033","1.0033","1.17924","1.17924","1.17924","1.10177","1.10177","1.10177"
"67","0.83712","0.83712","0.83712","1.0212","1.0212","1.0212","1.19519","1.19519","1.19519","1.10705","1.10705","1.10705"
"68","0.82435","0.82435","0.82435","1.01222","1.01222","1.01222","1.16905","1.16905","1.16905","1.12519","1.12519","1.12519"
"69","0.81831","0.81831","0.81831","1.01546","1.01546","1.01546","1.17477","1.17477","1.17477","1.10673","1.10673","1.10673"
"70","0.83856","0.83856","0.83856","1.04132","1.04132","1.04132","1.17621","1.17621","1.17621","1.07451","1.07451","1.07451"
"71","0.81898","0.81898","0.81898","0.98896","0.98896","0.98896","1.16485","1.16485","1.16485","1.09402","1.09402","1.09402"
"72","0.82272","0.82272","0.82272","1.04518","1.04518","1.04518","1.20692","1.20692","1.20692","1.10508","1.10508","1.10508"
"73","0.8078","0.8078","0.8078","0.99273","0.99273","0.99273","1.20171","1.20171","1.20171","1.06986","1.06986","1.06986"
"74","0.79252","0.79252","0.79252","1.00066","1.00066","1.00066","1.14912","1.14912","1.14912","1.08827","1.08827","1.08827"
"75","0.77789","0.77789","0.77789","0.96495","0.96495","0.96495","1.1596","1.1596","1.1596","1.08972","1.08972","1.08972"
"76","0.79743","0.79743","0.79743","0.98149","0.98149","0.98149","1.15751","1.15751","1.15751","1.0828","1.0828","1.0828"
"77","0.80908","0.80908","0.80908","1.00132","1.00132","1.00132","1.15612","1.15612","1.15612","1.05942","1.05942","1.05942"
"78","0.8283","0.8283","0.8283","0.94499","0.94499","0.94499","1.18178","1.18178","1.18178","1.0486","1.0486","1.0486"
"79","0.83251","0.83251","0.83251","0.99357","0.99357","0.99357","1.14585","1.14585","1.14585","1.04255","1.04255","1.04255"
"80","0.82795","0.82795","0.82795","0.97791","0.97791","0.97791","1.10414","1.10414","1.10414","1.04711","1.04711","1.04711"
"81","0.80011","0.80011","0.80011","0.97643","0.97643","0.97643","1.09739","1.09739","1.09739","1.03521","1.03521","1.03521"
"82","0.8026","0.8026","0.8026","0.97773","0.97773","0.97773","1.07965","1.07965","1.07965","1.02193","1.02193","1.02193"
"83","0.79423","0.79423","0.79423","0.96451","0.96451","0.96451","1.12217","1.12217","1.12217","1.08385","1.08385","1.08385"
"84","0.78973","0.78973","0.78973","0.95717","0.95717","0.95717","1.06844","1.06844","1.06844","1.03377","1.03377","1.03377"
"85","0.8011","0.8011","0.8011","0.94919","0.94919","0.94919","1.0706","1.0706","1.0706","1.06351","1.06351","1.06351"
"86","0.7808","0.7808","0.7808","0.98009","0.98009","0.98009","1.09826","1.09826","1.09826","1.00139","1.00139","1.00139"
"87","0.77229","0.77229","0.77229","0.93232","0.93232","0.93232","1.08972","1.08972","1.08972","1.01174","1.01174","1.01174"
"88","0.79396","0.79396","0.79396","0.96785","0.96785","0.96785","1.11365","1.11365","1.11365","1.04253","1.04253","1.04253"
"89","0.79196","0.79196","0.79196","0.95742","0.95742","0.95742","1.06309","1.06309","1.06309","1.00357","1.00357","1.00357"
"90","0.80099","0.80099","0.80099","0.96023","0.96023","0.96023","1.06433","1.06433","1.06433","0.99008","0.99008","0.99008"
"91","0.77134","0.77134","0.77134","0.95289","0.95289","0.95289","1.03032","1.03032","1.03032","1.03064","1.03064","1.03064"
"92","0.78458","0.78458","0.78458","0.9438","0.9438","0.9438","1.01284","1.01284","1.01284","1.05355","1.05355","1.05355"
"93","0.76182","0.76182","0.76182","0.91098","0.91098","0.91098","1.06017","1.06017","1.06017","0.98504","0.98504","0.98504"
"94","0.78123","0.78123","0.78123","0.93492","0.93492","0.93492","1.00526","1.00526","1.00526","1.01564","1.01564","1.01564"
"95","0.78862","0.78862","0.78862","0.90118","0.90118","0.90118","1.01126","1.01126","1.01126","1.00161","1.00161","1.00161"
"96","0.80346","0.80346","0.80346","0.93471","0.93471","0.93471","1.03406","1.03406","1.03406","1.0089","1.0089","1.0089"
"97","0.81073","0.81073","0.81073","0.92831","0.92831","0.92831","1.05778","1.05778","1.05778","1.00272","1.00272","1.00272"
"98","0.77494","0.77494","0.77494","0.89651","0.89651","0.89651","1.03801","1.03801","1.03801","1.02325","1.02325","1.02325"
"99","0.7492","0.7492","0.7492","0.92591","0.92591","0.92591","1.0607","1.0607","1.0607","0.99026","0.99026","0.99026"
"100","0.78169","0.78169","0.78169","0.951","0.951","0.951","1.0122","1.0122","1.0122","0.97049","0.97049","0.97049"
"101","0.77488","0.77488","0.77488","0.94075","0.94075","0.94075","1.00566","1.00566","1.00566","0.97035","0.97035","0.97035"
"102","0.76211","0.76211","0.76211","0.90005","0.90005","0.90005","0.99102","0.99102","0.99102","0.97817","0.97817","0.97817"
"103","0.76032","0.76032","0.76032","0.91171","0.91171","0.91171","1.02107","1.02107","1.02107","0.96671","0.96671","0.96671"
"104","0.76491","0.76491","0.76491","0.88269","0.88269","0.88269","1.01543","1.01543","1.01543","0.99639","0.99639","0.99639"
"105","0.75028","0.75028","0.75028","0.89075","0.89075","0.89075","1.02551","1.02551","1.02551","1.0211","1.0211","1.0211"
"106","0.76136","0.76136","0.76136","0.8831","0.8831","0.8831","0.97287","0.97287","0.97287","1.00856","1.00856","1.00856"
"107","0.75972","0.75972","0.75972","0.90951","0.90951","0.90951","1.02665","1.02665","1.02665","0.9798","0.9798","0.9798"
"108","0.77962","0.77962","0.77962","0.90122","0.90122","0.90122","1.02826","1.02826","1.02826","0.95099","0.95099","0.95099"
"109","0.80911","0.80911","0.80911","0.9289","0.9289","0.9289","1.06135","1.06135","1.06135","0.97324","0.97324","0.97324"
"110","0.76849","0.76849","0.76849","0.87025","0.87025","0.87025","0.98332","0.98332","0.98332","0.9722","0.9722","0.9722"
"111","0.77272","0.77272","0.77272","0.87459","0.87459","0.87459","1.02006","1.02006","1.02006","0.98413","0.98413","0.98413"
"112","0.75163","0.75163","0.75163","0.8861","0.8861","0.8861","0.9727","0.9727","0.9727","0.97049","0.97049","0.97049"
"113","0.76439","0.76439","0.76439","0.90315","0.90315","0.90315","0.98773","0.98773","0.98773","0.98857","0.98857","0.98857"
"114","0.75554","0.75554","0.75554","0.87654","0.87654","0.87654","0.9851","0.9851","0.9851","0.94784","0.94784","0.94784"
"115","0.7672","0.7672","0.7672","0.89301","0.89301","0.89301","0.98539","0.98539","0.98539","0.95358","0.95358","0.95358"
"116","0.75094","0.75094","0.75094","0.86797","0.86797","0.86797","0.9871","0.9871","0.9871","0.97621","0.97621","0.97621"
"117","0.75468","0.75468","0.75468","0.87325","0.87325","0.87325","1.017","1.017","1.017","0.93495","0.93495","0.93495"
"118","0.75585","0.75585","0.75585","0.8695","0.8695","0.8695","1.00579","1.00579","1.00579","0.9343","0.9343","0.9343"
"119","0.77485","0.77485","0.77485","0.87618","0.87618","0.87618","0.95263","0.95263","0.95263","0.92976","0.92976","0.92976"
"120","0.77215","0.77215","0.77215","0.87385","0.87385","0.87385","0.97128","0.97128","0.97128","0.97365","0.97365","0.97365"
"121","0.76145","0.76145","0.76145","0.85125","0.85125","0.85125","1.01063","1.01063","1.01063","0.94527","0.94527","0.94527"
"122","0.74727","0.74727","0.74727","0.85443","0.85443","0.85443","0.98962","0.98962","0.98962","0.96129","0.96129","0.96129"
"123","0.76085","0.76085","0.76085","0.84818","0.84818","0.84818","0.99407","0.99407","0.99407","0.96706","0.96706","0.96706"
"124","0.73887","0.73887","0.73887","0.8253","0.8253","0.8253","0.98934","0.98934","0.98934","0.91726","0.91726","0.91726"
"125","0.74255","0.74255","0.74255","0.82716","0.82716","0.82716","0.96833","0.96833","0.96833","0.91281","0.91281","0.91281"
"126","0.75264","0.75264","0.75264","0.82877","0.82877","0.82877","0.96697","0.96697","0.96697","0.89304","0.89304","0.89304"
"127","0.74336","0.74336","0.74336","0.83259","0.83259","0.83259","0.98956","0.98956","0.98956","0.89981","0.89981","0.89981"
"128","0.76038","0.76038","0.76038","0.83897","0.83897","0.83897","1.00355","1.00355","1.00355","0.93298","0.93298","0.93298"
"129","0.77133","0.77133","0.77133","0.85972","0.85972","0.85972","0.97883","0.97883","0.97883","0.92382","0.92382","0.92382"
"130","0.76415","0.76415","0.76415","0.86317","0.86317","0.86317","0.97191","0.97191","0.97191","0.92608","0.92608","0.92608"
"131","0.754","0.754","0.754","0.84541","0.84541","0.84541","0.96732","0.96732","0.96732","0.90966","0.90966","0.90966"
"132","0.73644","0.73644","0.73644","0.84941","0.84941","0.84941","0.93463","0.93463","0.93463","0.91917","0.91917","0.91917"
"133","0.73706","0.73706","0.73706","0.82652","0.82652","0.82652","0.93463","0.93463","0.93463","0.86963","0.86963","0.86963"
"134","0.7408","0.7408","0.7408","0.84024","0.84024","0.84024","0.91686","0.91686","0.91686","0.89027","0.89027","0.89027"
"135","0.73642","0.73642","0.73642","0.83875","0.83875","0.83875","0.9283","0.9283","0.9283","0.93553","0.93553","0.93553"
"136","0.73756","0.73756","0.73756","0.83894","0.83894","0.83894","0.93502","0.93502","0.93502","0.91296","0.91296","0.91296"
"137","0.75014","0.75014","0.75014","0.85067","0.85067","0.85067","0.9221","0.9221","0.9221","0.90024","0.90024","0.90024"
"138","0.76585","0.76585","0.76585","0.8408","0.8408","0.8408","0.93962","0.93962","0.93962","0.88319","0.88319","0.88319"
"139","0.74292","0.74292","0.74292","0.83137","0.83137","0.83137","0.95823","0.95823","0.95823","0.91057","0.91057","0.91057"
"140","0.74742","0.74742","0.74742","0.82443","0.82443","0.82443","0.95154","0.95154","0.95154","0.95223","0.95223","0.95223"
"141","0.74006","0.74006","0.74006","0.84278","0.84278","0.84278","0.93138","0.93138","0.93138","0.94895","0.94895","0.94895"
"142","0.72387","0.72387","0.72387","0.80819","0.80819","0.80819","0.93274","0.93274","0.93274","0.89714","0.89714","0.89714"
"143","0.7165","0.7165","0.7165","0.81005","0.81005","0.81005","0.8861","0.8861","0.8861","0.91397","0.91397","0.91397"
"144","0.73308","0.73308","0.73308","0.83488","0.83488","0.83488","0.9057","0.9057","0.9057","0.89196","0.89196","0.89196"
"145","0.71535","0.71535","0.71535","0.82149","0.82149","0.82149","0.93088","0.93088","0.93088","0.8654","0.8654","0.8654"
"146","0.70818","0.70818","0.70818","0.80991","0.80991","0.80991","0.93626","0.93626","0.93626","0.89902","0.89902","0.89902"
"147","0.70655","0.70655","0.70655","0.82549","0.82549","0.82549","0.95134","0.95134","0.95134","0.92601","0.92601","0.92601"
"148","0.71787","0.71787","0.71787","0.83595","0.83595","0.83595","0.90342","0.90342","0.90342","0.87779","0.87779","0.87779"
"149","0.71601","0.71601","0.71601","0.81227","0.81227","0.81227","0.88311","0.88311","0.88311","0.88064","0.88064","0.88064"
"150","0.7038","0.7038","0.7038","0.82537","0.82537","0.82537","0.89883","0.89883","0.89883","0.85458","0.85458","0.85458"
"151","0.69647","0.69647","0.69647","0.79478","0.79478","0.79478","0.90638","0.90638","0.90638","0.88902","0.88902","0.88902"
"152","0.72455","0.72455","0.72455","0.82226","0.82226","0.82226","0.90402","0.90402","0.90402","0.90911","0.90911","0.90911"
"153","0.70867","0.70867","0.70867","0.82212","0.82212","0.82212","0.8999","0.8999","0.8999","0.86536","0.86536","0.86536"
"154","0.73579","0.73579","0.73579","0.82639","0.82639","0.82639","0.92987","0.92987","0.92987","0.8666","0.8666","0.8666"
"155","0.72139","0.72139","0.72139","0.83692","0.83692","0.83692","0.8973","0.8973","0.8973","0.89411","0.89411","0.89411"
"156","0.71489","0.71489","0.71489","0.80526","0.80526","0.80526","0.88953","0.88953","0.88953","0.89148","0.89148","0.89148"
"157","0.70761","0.70761","0.70761","0.82931","0.82931","0.82931","0.92589","0.92589","0.92589","0.83461","0.83461","0.83461"
"158","0.71685","0.71685","0.71685","0.83478","0.83478","0.83478","0.90941","0.90941","0.90941","0.88395","0.88395","0.88395"
"159","0.67674","0.67674","0.67674","0.80229","0.80229","0.80229","0.89668","0.89668","0.89668","0.93228","0.93228","0.93228"
"160","0.69242","0.69242","0.69242","0.81947","0.81947","0.81947","0.90469","0.90469","0.90469","0.88956","0.88956","0.88956"
"161","0.69513","0.69513","0.69513","0.81411","0.81411","0.81411","0.88351","0.88351","0.88351","0.89566","0.89566","0.89566"
"162","0.70732","0.70732","0.70732","0.79355","0.79355","0.79355","0.87782","0.87782","0.87782","0.85628","0.85628","0.85628"
"163","0.71972","0.71972","0.71972","0.79769","0.79769","0.79769","0.91348","0.91348","0.91348","0.8687","0.8687","0.8687"
"164","0.69143","0.69143","0.69143","0.78406","0.78406","0.78406","0.86396","0.86396","0.86396","0.86387","0.86387","0.86387"
"165","0.70997","0.70997","0.70997","0.822","0.822","0.822","0.8964","0.8964","0.8964","0.89639","0.89639","0.89639"
"166","0.67743","0.67743","0.67743","0.78591","0.78591","0.78591","0.87303","0.87303","0.87303","0.89224","0.89224","0.89224"
"167","0.72315","0.72315","0.72315","0.79387","0.79387","0.79387","0.87235","0.87235","0.87235","0.86311","0.86311","0.86311"
"168","0.69234","0.69234","0.69234","0.78128","0.78128","0.78128","0.8951","0.8951","0.8951","0.85768","0.85768","0.85768"
"169","0.69095","0.69095","0.69095","0.78674","0.78674","0.78674","0.87315","0.87315","0.87315","0.87951","0.87951","0.87951"
"170","0.70644","0.70644","0.70644","0.80601","0.80601","0.80601","0.89659","0.89659","0.89659","0.85514","0.85514","0.85514"
"171","0.72404","0.72404","0.72404","0.79778","0.79778","0.79778","0.90531","0.90531","0.90531","0.84587","0.84587","0.84587"
"172","0.69959","0.69959","0.69959","0.79142","0.79142","0.79142","0.90077","0.90077","0.90077","0.8257","0.8257","0.8257"
"173","0.70762","0.70762","0.70762","0.77842","0.77842","0.77842","0.90412","0.90412","0.90412","0.88819","0.88819","0.88819"
"174","0.69485","0.69485","0.69485","0.78054","0.78054","0.78054","0.87554","0.87554","0.87554","0.86087","0.86087","0.86087"
"175","0.69768","0.69768","0.69768","0.7885","0.7885","0.7885","0.90303","0.90303","0.90303","0.83983","0.83983","0.83983"
"176","0.69289","0.69289","0.69289","0.77838","0.77838","0.77838","0.90136","0.90136","0.90136","0.86581","0.86581","0.86581"
"177","0.69897","0.69897","0.69897","0.78938","0.78938","0.78938","0.92394","0.92394","0.92394","0.80287","0.80287","0.80287"
"178","0.69726","0.69726","0.69726","0.79476","0.79476","0.79476","0.95668","0.95668","0.95668","0.84295","0.84295","0.84295"
"179","0.69281","0.69281","0.69281","0.7847","0.7847","0.7847","0.91475","0.91475","0.91475","0.88276","0.88276","0.88276"
"180","0.67641","0.67641","0.67641","0.75545","0.75545","0.75545","0.88548","0.88548","0.88548","0.84794","0.84794","0.84794"
"181","0.70317","0.70317","0.70317","0.79081","0.79081","0.79081","0.89162","0.89162","0.89162","0.84849","0.84849","0.84849"
"182","0.70229","0.70229","0.70229","0.8018","0.8018","0.8018","0.87339","0.87339","0.87339","0.85221","0.85221","0.85221"
"183","0.68669","0.68669","0.68669","0.78073","0.78073","0.78073","0.86369","0.86369","0.86369","0.84472","0.84472","0.84472"
"184","0.68865","0.68865","0.68865","0.77556","0.77556","0.77556","0.88328","0.88328","0.88328","0.83795","0.83795","0.83795"
"185","0.6872","0.6872","0.6872","0.77412","0.77412","0.77412","0.85936","0.85936","0.85936","0.83912","0.83912","0.83912"
"186","0.69151","0.69151","0.69151","0.7714","0.7714","0.7714","0.85892","0.85892","0.85892","0.80533","0.80533","0.80533"
"187","0.69102","0.69102","0.69102","0.77315","0.77315","0.77315","0.83869","0.83869","0.83869","0.84997","0.84997","0.84997"
"188","0.69983","0.69983","0.69983","0.78625","0.78625","0.78625","0.84642","0.84642","0.84642","0.81084","0.81084","0.81084"
"189","0.67234","0.67234","0.67234","0.78843","0.78843","0.78843","0.85731","0.85731","0.85731","0.84016","0.84016","0.84016"
"190","0.68049","0.68049","0.68049","0.78261","0.78261","0.78261","0.85962","0.85962","0.85962","0.80605","0.80605","0.80605"
"191","0.67963","0.67963","0.67963","0.76022","0.76022","0.76022","0.83651","0.83651","0.83651","0.83398","0.83398","0.83398"
"192","0.6756","0.6756","0.6756","0.76413","0.76413","0.76413","0.85328","0.85328","0.85328","0.82164","0.82164","0.82164"
"193","0.6808","0.6808","0.6808","0.7549","0.7549","0.7549","0.84591","0.84591","0.84591","0.80581","0.80581","0.80581"
"194","0.67611","0.67611","0.67611","0.75262","0.75262","0.75262","0.85216","0.85216","0.85216","0.79899","0.79899","0.79899"
"195","0.67252","0.67252","0.67252","0.74298","0.74298","0.74298","0.88314","0.88314","0.88314","0.83051","0.83051","0.83051"
"196","0.66907","0.66907","0.66907","0.77117","0.77117","0.77117","0.87082","0.87082","0.87082","0.8092","0.8092","0.8092"
"197","0.69115","0.69115","0.69115","0.77169","0.77169","0.77169","0.85919","0.85919","0.85919","0.83503","0.83503","0.83503"
"198","0.65081","0.65081","0.65081","0.76449","0.76449","0.76449","0.86063","0.86063","0.86063","0.81804","0.81804","0.81804"
"199","0.67648","0.67648","0.67648","0.76667","0.76667","0.76667","0.84708","0.84708","0.84708","0.79777","0.79777","0.79777"
"200","0.66675","0.66675","0.66675","0.74629","0.74629","0.74629","0.87706","0.87706","0.87706","0.79185","0.79185","0.79185"
"201","0.64475","0.64475","0.64475","0.76216","0.76216","0.76216","0.84153","0.84153","0.84153","0.81362","0.81362","0.81362"
"202","0.66287","0.66287","0.66287","0.75339","0.75339","0.75339","0.81817","0.81817","0.81817","0.80618","0.80618","0.80618"
"203","0.67123","0.67123","0.67123","0.76028","0.76028","0.76028","0.82194","0.82194","0.82194","0.86592","0.86592","0.86592"
"204","0.65438","0.65438","0.65438","0.78289","0.78289","0.78289","0.83959","0.83959","0.83959","0.81423","0.81423","0.81423"
"205","0.64726","0.64726","0.64726","0.75758","0.75758","0.75758","0.82832","0.82832","0.82832","0.78784","0.78784","0.78784"
"206","0.69027","0.69027","0.69027","0.76404","0.76404","0.76404","0.81473","0.81473","0.81473","0.80326","0.80326","0.80326"
"207","0.68033","0.68033","0.68033","0.75953","0.75953","0.75953","0.83789","0.83789","0.83789","0.81518","0.81518","0.81518"
"208","0.68293","0.68293","0.68293","0.74946","0.74946","0.74946","0.84817","0.84817","0.84817","0.81696","0.81696","0.81696"
"209","0.66985","0.66985","0.66985","0.76443","0.76443","0.76443","0.83185","0.83185","0.83185","0.84207","0.84207","0.84207"
"210","0.6635","0.6635","0.6635","0.77225","0.77225","0.77225","0.86016","0.86016","0.86016","0.87444","0.87444","0.87444"
"211","0.67493","0.67493","0.67493","0.78576","0.78576","0.78576","0.80928","0.80928","0.80928","0.83013","0.83013","0.83013"
"212","0.63089","0.63089","0.63089","0.72672","0.72672","0.72672","0.80533","0.80533","0.80533","0.81853","0.81853","0.81853"
"213","0.67265","0.67265","0.67265","0.74815","0.74815","0.74815","0.82279","0.82279","0.82279","0.8004","0.8004","0.8004"
"214","0.65655","0.65655","0.65655","0.75218","0.75218","0.75218","0.83093","0.83093","0.83093","0.79786","0.79786","0.79786"
"215","0.6512","0.6512","0.6512","0.75076","0.75076","0.75076","0.83431","0.83431","0.83431","0.82359","0.82359","0.82359"
"216","0.64636","0.64636","0.64636","0.71998","0.71998","0.71998","0.81734","0.81734","0.81734","0.82137","0.82137","0.82137"
"217","0.66938","0.66938","0.66938","0.73625","0.73625","0.73625","0.81828","0.81828","0.81828","0.79428","0.79428","0.79428"
"218","0.68514","0.68514","0.68514","0.76067","0.76067","0.76067","0.84725","0.84725","0.84725","0.76079","0.76079","0.76079"
"219","0.65169","0.65169","0.65169","0.7303","0.7303","0.7303","0.83227","0.83227","0.83227","0.75778","0.75778","0.75778"
"220","0.67512","0.67512","0.67512","0.74786","0.74786","0.74786","0.82545","0.82545","0.82545","0.8145","0.8145","0.8145"
"221","0.65227","0.65227","0.65227","0.7308","0.7308","0.7308","0.81771","0.81771","0.81771","0.80885","0.80885","0.80885"
"222","0.65448","0.65448","0.65448","0.74682","0.74682","0.74682","0.82051","0.82051","0.82051","0.82168","0.82168","0.82168"
"223","0.66614","0.66614","0.66614","0.73265","0.73265","0.73265","0.83549","0.83549","0.83549","0.76643","0.76643","0.76643"
"224","0.65319","0.65319","0.65319","0.73042","0.73042","0.73042","0.79784","0.79784","0.79784","0.79663","0.79663","0.79663"
"225","0.66442","0.66442","0.66442","0.72924","0.72924","0.72924","0.7887","0.7887","0.7887","0.80367","0.80367","0.80367"
"226","0.63601","0.63601","0.63601","0.71339","0.71339","0.71339","0.82077","0.82077","0.82077","0.79027","0.79027","0.79027"
"227","0.65602","0.65602","0.65602","0.73196","0.73196","0.73196","0.82436","0.82436","0.82436","0.7975","0.7975","0.7975"
"228","0.67527","0.67527","0.67527","0.73754","0.73754","0.73754","0.79513","0.79513","0.79513","0.80189","0.80189","0.80189"
"229","0.65285","0.65285","0.65285","0.71444","0.71444","0.71444","0.81076","0.81076","0.81076","0.80268","0.80268","0.80268"
"230","0.66117","0.66117","0.66117","0.72129","0.72129","0.72129","0.78545","0.78545","0.78545","0.76622","0.76622","0.76622"
"231","0.63089","0.63089","0.63089","0.71244","0.71244","0.71244","0.81064","0.81064","0.81064","0.76732","0.76732","0.76732"
"232","0.65082","0.65082","0.65082","0.73581","0.73581","0.73581","0.84422","0.84422","0.84422","0.78222","0.78222","0.78222"
"233","0.67036","0.67036","0.67036","0.7227","0.7227","0.7227","0.79707","0.79707","0.79707","0.79781","0.79781","0.79781"
"234","0.65585","0.65585","0.65585","0.70158","0.70158","0.70158","0.83311","0.83311","0.83311","0.78509","0.78509","0.78509"
"235","0.6602","0.6602","0.6602","0.7259","0.7259","0.7259","0.78913","0.78913","0.78913","0.77636","0.77636","0.77636"
"236","0.65355","0.65355","0.65355","0.71172","0.71172","0.71172","0.81354","0.81354","0.81354","0.7902","0.7902","0.7902"
"237","0.6688","0.6688","0.6688","0.74493","0.74493","0.74493","0.81492","0.81492","0.81492","0.77218","0.77218","0.77218"
"238","0.64656","0.64656","0.64656","0.7086","0.7086","0.7086","0.81691","0.81691","0.81691","0.78297","0.78297","0.78297"
"239","0.63427","0.63427","0.63427","0.69211","0.69211","0.69211","0.77665","0.77665","0.77665","0.75762","0.75762","0.75762"
"240","0.64786","0.64786","0.64786","0.70443","0.70443","0.70443","0.80114","0.80114","0.80114","0.7594","0.7594","0.7594"
"241","0.6404","0.6404","0.6404","0.69275","0.69275","0.69275","0.77979","0.77979","0.77979","0.77216","0.77216","0.77216"
"242","0.65381","0.65381","0.65381","0.72576","0.72576","0.72576","0.78838","0.78838","0.78838","0.77359","0.77359","0.77359"
"243","0.65507","0.65507","0.65507","0.72333","0.72333","0.72333","0.7808","0.7808","0.7808","0.77978","0.77978","0.77978"
"244","0.64295","0.64295","0.64295","0.71466","0.71466","0.71466","0.8043","0.8043","0.8043","0.80235","0.80235","0.80235"
"245","0.62847","0.62847","0.62847","0.69944","0.69944","0.69944","0.77663","0.77663","0.77663","0.77038","0.77038","0.77038"
"246","0.63319","0.63319","0.63319","0.71694","0.71694","0.71694","0.79026","0.79026","0.79026","0.77673","0.77673","0.77673"
"247","0.62217","0.62217","0.62217","0.69956","0.69956","0.69956","0.77998","0.77998","0.77998","0.78038","0.78038","0.78038"
"248","0.61922","0.61922","0.61922","0.68284","0.68284","0.68284","0.79903","0.79903","0.79903","0.76333","0.76333","0.76333"
"249","0.64366","0.64366","0.64366","0.70666","0.70666","0.70666","0.80335","0.80335","0.80335","0.79416","0.79416","0.79416"
"250","0.63449","0.63449","0.63449","0.7057","0.7057","0.7057","0.77917","0.77917","0.77917","0.7716","0.7716","0.7716"
"251","0.63394","0.63394","0.63394","0.70814","0.70814","0.70814","0.79025","0.79025","0.79025","0.76655","0.76655","0.76655"
"252","0.63746","0.63746","0.63746","0.72595","0.72595","0.72595","0.80577","0.80577","0.80577","0.77411","0.77411","0.77411"
"253","0.65001","0.65001","0.65001","0.7442","0.7442","0.7442","0.8332","0.8332","0.8332","0.78974","0.78974","0.78974"
"254","0.63161","0.63161","0.63161","0.70924","0.70924","0.70924","0.79133","0.79133","0.79133","0.7537","0.7537","0.7537"
"255","0.64908","0.64908","0.64908","0.71926","0.71926","0.71926","0.79442","0.79442","0.79442","0.77075","0.77075","0.77075"
"256","0.6293","0.6293","0.6293","0.70172","0.70172","0.70172","0.78025","0.78025","0.78025","0.76891","0.76891","0.76891"
"257","0.6324","0.6324","0.6324","0.7147","0.7147","0.7147","0.78051","0.78051","0.78051","0.76295","0.76295","0.76295"
"258","0.62337","0.62337","0.62337","0.71686","0.71686","0.71686","0.7788","0.7788","0.7788","0.78169","0.78169","0.78169"
"259","0.63014","0.63014","0.63014","0.7257","0.7257","0.7257","0.76885","0.76885","0.76885","0.7561","0.7561","0.7561"
"260","0.61536","0.61536","0.61536","0.69977","0.69977","0.69977","0.74456","0.74456","0.74456","0.76136","0.76136","0.76136"
"261","0.60514","0.60514","0.60514","0.69265","0.69265","0.69265","0.76058","0.76058","0.76058","0.75182","0.75182","0.75182"
"262","0.61763","0.61763","0.61763","0.68815","0.68815","0.68815","0.76869","0.76869","0.76869","0.75796","0.75796","0.75796"
"263","0.61214","0.61214","0.61214","0.6936","0.6936","0.6936","0.79161","0.79161","0.79161","0.74302","0.74302","0.74302"
"264","0.62871","0.62871","0.62871","0.70781","0.70781","0.70781","0.77121","0.77121","0.77121","0.76394","0.76394","0.76394"
"265","0.61922","0.61922","0.61922","0.70313","0.70313","0.70313","0.78077","0.78077","0.78077","0.73886","0.73886","0.73886"
"266","0.61949","0.61949","0.61949","0.70369","0.70369","0.70369","0.78219","0.78219","0.78219","0.78338","0.78338","0.78338"
"267","0.62352","0.62352","0.62352","0.69454","0.69454","0.69454","0.76432","0.76432","0.76432","0.76055","0.76055","0.76055"
"268","0.64592","0.64592","0.64592","0.70048","0.70048","0.70048","0.77128","0.77128","0.77128","0.73314","0.73314","0.73314"
"269","0.60766","0.60766","0.60766","0.6771","0.6771","0.6771","0.769","0.769","0.769","0.71819","0.71819","0.71819"
"270","0.60497","0.60497","0.60497","0.69619","0.69619","0.69619","0.76052","0.76052","0.76052","0.76087","0.76087","0.76087"
"271","0.62312","0.62312","0.62312","0.70458","0.70458","0.70458","0.76814","0.76814","0.76814","0.76622","0.76622","0.76622"
"272","0.61785","0.61785","0.61785","0.70624","0.70624","0.70624","0.77558","0.77558","0.77558","0.76649","0.76649","0.76649"
"273","0.6036","0.6036","0.6036","0.66398","0.66398","0.66398","0.7632","0.7632","0.7632","0.76578","0.76578","0.76578"
"274","0.62205","0.62205","0.62205","0.68334","0.68334","0.68334","0.76007","0.76007","0.76007","0.76914","0.76914","0.76914"
"275","0.60391","0.60391","0.60391","0.6643","0.6643","0.6643","0.7669","0.7669","0.7669","0.77528","0.77528","0.77528"
"276","0.63276","0.63276","0.63276","0.69939","0.69939","0.69939","0.74855","0.74855","0.74855","0.75435","0.75435","0.75435"
"277","0.61394","0.61394","0.61394","0.67402","0.67402","0.67402","0.75832","0.75832","0.75832","0.77014","0.77014","0.77014"
"278","0.60579","0.60579","0.60579","0.68118","0.68118","0.68118","0.76731","0.76731","0.76731","0.73744","0.73744","0.73744"
"279","0.61088","0.61088","0.61088","0.70131","0.70131","0.70131","0.78025","0.78025","0.78025","0.73455","0.73455","0.73455"
"280","0.6183","0.6183","0.6183","0.69228","0.69228","0.69228","0.80362","0.80362","0.80362","0.74841","0.74841","0.74841"
"281","0.62229","0.62229","0.62229","0.6998","0.6998","0.6998","0.77732","0.77732","0.77732","0.73583","0.73583","0.73583"
"282","0.61683","0.61683","0.61683","0.69881","0.69881","0.69881","0.77516","0.77516","0.77516","0.76218","0.76218","0.76218"
"283","0.60809","0.60809","0.60809","0.66751","0.66751","0.66751","0.73678","0.73678","0.73678","0.73011","0.73011","0.73011"
"284","0.61252","0.61252","0.61252","0.67311","0.67311","0.67311","0.75948","0.75948","0.75948","0.73105","0.73105","0.73105"
"285","0.61188","0.61188","0.61188","0.67361","0.67361","0.67361","0.79817","0.79817","0.79817","0.71941","0.71941","0.71941"
"286","0.62293","0.62293","0.62293","0.69074","0.69074","0.69074","0.75019","0.75019","0.75019","0.73128","0.73128","0.73128"
"287","0.5917","0.5917","0.5917","0.67089","0.67089","0.67089","0.74293","0.74293","0.74293","0.72787","0.72787","0.72787"
"288","0.58049","0.58049","0.58049","0.65921","0.65921","0.65921","0.75063","0.75063","0.75063","0.72821","0.72821","0.72821"
"289","0.58911","0.58911","0.58911","0.67335","0.67335","0.67335","0.74853","0.74853","0.74853","0.74781","0.74781","0.74781"
"290","0.61616","0.61616","0.61616","0.69352","0.69352","0.69352","0.76383","0.76383","0.76383","0.72368","0.72368","0.72368"
"291","0.60777","0.60777","0.60777","0.66967","0.66967","0.66967","0.73981","0.73981","0.73981","0.74922","0.74922","0.74922"
"292","0.60876","0.60876","0.60876","0.67827","0.67827","0.67827","0.73151","0.73151","0.73151","0.74074","0.74074","0.74074"
"293","0.60044","0.60044","0.60044","0.68443","0.68443","0.68443","0.75536","0.75536","0.75536","0.71946","0.71946","0.71946"
"294","0.60878","0.60878","0.60878","0.65584","0.65584","0.65584","0.74452","0.74452","0.74452","0.74168","0.74168","0.74168"
"295","0.62024","0.62024","0.62024","0.67256","0.67256","0.67256","0.76132","0.76132","0.76132","0.74359","0.74359","0.74359"
"296","0.61153","0.61153","0.61153","0.67404","0.67404","0.67404","0.76468","0.76468","0.76468","0.70632","0.70632","0.70632"
"297","0.60068","0.60068","0.60068","0.66304","0.66304","0.66304","0.72484","0.72484","0.72484","0.76287","0.76287","0.76287"
"298","0.59806","0.59806","0.59806","0.65562","0.65562","0.65562","0.7634","0.7634","0.7634","0.72564","0.72564","0.72564"
"299","0.60547","0.60547","0.60547","0.66984","0.66984","0.66984","0.75","0.75","0.75","0.7287","0.7287","0.7287"
"300","0.60684","0.60684","0.60684","0.67056","0.67056","0.67056","0.76746","0.76746","0.76746","0.74986","0.74986","0.74986"
"301","0.59905","0.59905","0.59905","0.66436","0.66436","0.66436","0.74781","0.74781","0.74781","0.72964","0.72964","0.72964"
"302","0.60989","0.60989","0.60989","0.6813","0.6813","0.6813","0.72319","0.72319","0.72319","0.71233","0.71233","0.71233"
"303","0.58243","0.58243","0.58243","0.65045","0.65045","0.65045","0.71288","0.71288","0.71288","0.71993","0.71993","0.71993"
"304","0.59654","0.59654","0.59654","0.66037","0.66037","0.66037","0.73895","0.73895","0.73895","0.71429","0.71429","0.71429"
"305","0.57745","0.57745","0.57745","0.64967","0.64967","0.64967","0.75945","0.75945","0.75945","0.71043","0.71043","0.71043"
"306","0.60076","0.60076","0.60076","0.66525","0.66525","0.66525","0.74365","0.74365","0.74365","0.69825","0.69825","0.69825"
"307","0.60348","0.60348","0.60348","0.68375","0.68375","0.68375","0.75305","0.75305","0.75305","0.7026","0.7026","0.7026"
"308","0.59773","0.59773","0.59773","0.64231","0.64231","0.64231","0.73953","0.73953","0.73953","0.72699","0.72699","0.72699"
"309","0.60034","0.60034","0.60034","0.66668","0.66668","0.66668","0.73555","0.73555","0.73555","0.70426","0.70426","0.70426"
"310","0.58037","0.58037","0.58037","0.65311","0.65311","0.65311","0.72809","0.72809","0.72809","0.70457","0.70457","0.70457"
"311","0.59916","0.59916","0.59916","0.67024","0.67024","0.67024","0.7463","0.7463","0.7463","0.74111","0.74111","0.74111"
"312","0.59244","0.59244","0.59244","0.67145","0.67145","0.67145","0.73542","0.73542","0.73542","0.74379","0.74379","0.74379"
"313","0.58662","0.58662","0.58662","0.6579","0.6579","0.6579","0.72045","0.72045","0.72045","0.70406","0.70406","0.70406"
"314","0.59485","0.59485","0.59485","0.65383","0.65383","0.65383","0.73195","0.73195","0.73195","0.7283","0.7283","0.7283"
"315","0.59416","0.59416","0.59416","0.65902","0.65902","0.65902","0.73406","0.73406","0.73406","0.71052","0.71052","0.71052"
"316","0.57215","0.57215","0.57215","0.6638","0.6638","0.6638","0.73448","0.73448","0.73448","0.72132","0.72132","0.72132"
"317","0.57981","0.57981","0.57981","0.6526","0.6526","0.6526","0.74594","0.74594","0.74594","0.7139","0.7139","0.7139"
"318","0.58479","0.58479","0.58479","0.65462","0.65462","0.65462","0.73412","0.73412","0.73412","0.70336","0.70336","0.70336"
"319","0.56425","0.56425","0.56425","0.64272","0.64272","0.64272","0.73416","0.73416","0.73416","0.71628","0.71628","0.71628"
"320","0.56911","0.56911","0.56911","0.66061","0.66061","0.66061","0.7091","0.7091","0.7091","0.72629","0.72629","0.72629"
"321","0.58162","0.58162","0.58162","0.66181","0.66181","0.66181","0.72712","0.72712","0.72712","0.71624","0.71624","0.71624"
"322","0.59341","0.59341","0.59341","0.66338","0.66338","0.66338","0.70857","0.70857","0.70857","0.6989","0.6989","0.6989"
"323","0.58825","0.58825","0.58825","0.66431","0.66431","0.66431","0.71888","0.71888","0.71888","0.69757","0.69757","0.69757"
"324","0.59273","0.59273","0.59273","0.66355","0.66355","0.66355","0.69048","0.69048","0.69048","0.71412","0.71412","0.71412"
"325","0.58166","0.58166","0.58166","0.63924","0.63924","0.63924","0.70989","0.70989","0.70989","0.67781","0.67781","0.67781"
"326","0.58065","0.58065","0.58065","0.64535","0.64535","0.64535","0.70174","0.70174","0.70174","0.70269","0.70269","0.70269"
"327","0.59896","0.59896","0.59896","0.66042","0.66042","0.66042","0.71752","0.71752","0.71752","0.6967","0.6967","0.6967"
"328","0.602","0.602","0.602","0.65399","0.65399","0.65399","0.74543","0.74543","0.74543","0.71107","0.71107","0.71107"
"329","0.58015","0.58015","0.58015","0.63904","0.63904","0.63904","0.72844","0.72844","0.72844","0.71573","0.71573","0.71573"
"330","0.59727","0.59727","0.59727","0.64872","0.64872","0.64872","0.71963","0.71963","0.71963","0.67369","0.67369","0.67369"
"331","0.57037","0.57037","0.57037","0.63681","0.63681","0.63681","0.72445","0.72445","0.72445","0.69128","0.69128","0.69128"
"332","0.57701","0.57701","0.57701","0.66017","0.66017","0.66017","0.73","0.73","0.73","0.68059","0.68059","0.68059"
"333","0.59423","0.59423","0.59423","0.66185","0.66185","0.66185","0.72018","0.72018","0.72018","0.71633","0.71633","0.71633"
"334","0.58004","0.58004","0.58004","0.64792","0.64792","0.64792","0.72338","0.72338","0.72338","0.71008","0.71008","0.71008"
"335","0.56017","0.56017","0.56017","0.63216","0.63216","0.63216","0.70855","0.70855","0.70855","0.69347","0.69347","0.69347"
"336","0.56212","0.56212","0.56212","0.63023","0.63023","0.63023","0.71178","0.71178","0.71178","0.67988","0.67988","0.67988"
"337","0.56054","0.56054","0.56054","0.62732","0.62732","0.62732","0.69924","0.69924","0.69924","0.66771","0.66771","0.66771"
"338","0.55642","0.55642","0.55642","0.62083","0.62083","0.62083","0.68652","0.68652","0.68652","0.66944","0.66944","0.66944"
"339","0.57622","0.57622","0.57622","0.64715","0.64715","0.64715","0.71409","0.71409","0.71409","0.67156","0.67156","0.67156"
"340","0.58138","0.58138","0.58138","0.66643","0.66643","0.66643","0.70406","0.70406","0.70406","0.71074","0.71074","0.71074"
"341","0.56517","0.56517","0.56517","0.63127","0.63127","0.63127","0.70302","0.70302","0.70302","0.67735","0.67735","0.67735"
"342","0.56113","0.56113","0.56113","0.61902","0.61902","0.61902","0.71037","0.71037","0.71037","0.70107","0.70107","0.70107"
"343","0.57671","0.57671","0.57671","0.64269","0.64269","0.64269","0.70922","0.70922","0.70922","0.67639","0.67639","0.67639"
"344","0.55185","0.55185","0.55185","0.62194","0.62194","0.62194","0.70939","0.70939","0.70939","0.71274","0.71274","0.71274"
"345","0.5726","0.5726","0.5726","0.62842","0.62842","0.62842","0.70652","0.70652","0.70652","0.67355","0.67355","0.67355"
"346","0.5889","0.5889","0.5889","0.6369","0.6369","0.6369","0.70332","0.70332","0.70332","0.68065","0.68065","0.68065"
"347","0.5681","0.5681","0.5681","0.62862","0.62862","0.62862","0.69543","0.69543","0.69543","0.66779","0.66779","0.66779"
"348","0.57573","0.57573","0.57573","0.63366","0.63366","0.63366","0.71226","0.71226","0.71226","0.66266","0.66266","0.66266"
"349","0.56011","0.56011","0.56011","0.6195","0.6195","0.6195","0.67793","0.67793","0.67793","0.66598","0.66598","0.66598"
"350","0.54817","0.54817","0.54817","0.60564","0.60564","0.60564","0.69551","0.69551","0.69551","0.6777","0.6777","0.6777"
"351","0.5658","0.5658","0.5658","0.64296","0.64296","0.64296","0.70575","0.70575","0.70575","0.7131","0.7131","0.7131"
"352","0.55369","0.55369","0.55369","0.62524","0.62524","0.62524","0.68577","0.68577","0.68577","0.67772","0.67772","0.67772"
"353","0.54707","0.54707","0.54707","0.61377","0.61377","0.61377","0.68114","0.68114","0.68114","0.66539","0.66539","0.66539"
"354","0.56367","0.56367","0.56367","0.62373","0.62373","0.62373","0.68868","0.68868","0.68868","0.69962","0.69962","0.69962"
"355","0.56338","0.56338","0.56338","0.63295","0.63295","0.63295","0.70006","0.70006","0.70006","0.66951","0.66951","0.66951"
"356","0.54739","0.54739","0.54739","0.60594","0.60594","0.60594","0.7106","0.7106","0.7106","0.6669","0.6669","0.6669"
"357","0.5616","0.5616","0.5616","0.62839","0.62839","0.62839","0.69253","0.69253","0.69253","0.67782","0.67782","0.67782"
"358","0.57174","0.57174","0.57174","0.64589","0.64589","0.64589","0.70505","0.70505","0.70505","0.68063","0.68063","0.68063"
"359","0.56667","0.56667","0.56667","0.63248","0.63248","0.63248","0.69645","0.69645","0.69645","0.67107","0.67107","0.67107"
"360","0.5614","0.5614","0.5614","0.62222","0.62222","0.62222","0.68552","0.68552","0.68552","0.67687","0.67687","0.67687"
"361","0.52934","0.52934","0.52934","0.5982","0.5982","0.5982","0.70734","0.70734","0.70734","0.66755","0.66755","0.66755"
"362","0.54306","0.54306","0.54306","0.60504","0.60504","0.60504","0.69769","0.69769","0.69769","0.66748","0.66748","0.66748"
"363","0.53676","0.53676","0.53676","0.59862","0.59862","0.59862","0.68528","0.68528","0.68528","0.68765","0.68765","0.68765"
"364","0.56342","0.56342","0.56342","0.60786","0.60786","0.60786","0.69532","0.69532","0.69532","0.6857","0.6857","0.6857"
"365","0.55788","0.55788","0.55788","0.60155","0.60155","0.60155","0.69358","0.69358","0.69358","0.64225","0.64225","0.64225"
"366","0.53248","0.53248","0.53248","0.58331","0.58331","0.58331","0.67081","0.67081","0.67081","0.66665","0.66665","0.66665"
"367","0.54488","0.54488","0.54488","0.58841","0.58841","0.58841","0.66937","0.66937","0.66937","0.67277","0.67277","0.67277"
"368","0.55651","0.55651","0.55651","0.60959","0.60959","0.60959","0.67972","0.67972","0.67972","0.63894","0.63894","0.63894"
"369","0.54286","0.54286","0.54286","0.59681","0.59681","0.59681","0.67978","0.67978","0.67978","0.66989","0.66989","0.66989"
"370","0.53503","0.53503","0.53503","0.61104","0.61104","0.61104","0.67191","0.67191","0.67191","0.7005","0.7005","0.7005"
"371","0.53729","0.53729","0.53729","0.60515","0.60515","0.60515","0.6871","0.6871","0.6871","0.67245","0.67245","0.67245"
"372","0.53924","0.53924","0.53924","0.60806","0.60806","0.60806","0.68882","0.68882","0.68882","0.70887","0.70887","0.70887"
"373","0.54129","0.54129","0.54129","0.60281","0.60281","0.60281","0.66175","0.66175","0.66175","0.65913","0.65913","0.65913"
"374","0.53423","0.53423","0.53423","0.59065","0.59065","0.59065","0.68459","0.68459","0.68459","0.67091","0.67091","0.67091"
"375","0.53193","0.53193","0.53193","0.59361","0.59361","0.59361","0.66063","0.66063","0.66063","0.64345","0.64345","0.64345"
"376","0.53843","0.53843","0.53843","0.60285","0.60285","0.60285","0.69121","0.69121","0.69121","0.65616","0.65616","0.65616"
"377","0.54929","0.54929","0.54929","0.61261","0.61261","0.61261","0.67941","0.67941","0.67941","0.65852","0.65852","0.65852"
"378","0.5245","0.5245","0.5245","0.59474","0.59474","0.59474","0.68099","0.68099","0.68099","0.65184","0.65184","0.65184"
"379","0.52512","0.52512","0.52512","0.59585","0.59585","0.59585","0.65676","0.65676","0.65676","0.67282","0.67282","0.67282"
"380","0.5443","0.5443","0.5443","0.6034","0.6034","0.6034","0.68541","0.68541","0.68541","0.68426","0.68426","0.68426"
"381","0.53394","0.53394","0.53394","0.6023","0.6023","0.6023","0.68975","0.68975","0.68975","0.65108","0.65108","0.65108"
"382","0.53388","0.53388","0.53388","0.60353","0.60353","0.60353","0.66102","0.66102","0.66102","0.67564","0.67564","0.67564"
"383","0.53973","0.53973","0.53973","0.60761","0.60761","0.60761","0.67791","0.67791","0.67791","0.68112","0.68112","0.68112"
"384","0.51605","0.51605","0.51605","0.58439","0.58439","0.58439","0.66679","0.66679","0.66679","0.66118","0.66118","0.66118"
"385","0.53528","0.53528","0.53528","0.58371","0.58371","0.58371","0.64395","0.64395","0.64395","0.65597","0.65597","0.65597"
"386","0.53912","0.53912","0.53912","0.61151","0.61151","0.61151","0.68784","0.68784","0.68784","0.65023","0.65023","0.65023"
"387","0.51571","0.51571","0.51571","0.5764","0.5764","0.5764","0.65088","0.65088","0.65088","0.63211","0.63211","0.63211"
"388","0.54087","0.54087","0.54087","0.5972","0.5972","0.5972","0.66876","0.66876","0.66876","0.62225","0.62225","0.62225"
"389","0.54057","0.54057","0.54057","0.59912","0.59912","0.59912","0.67486","0.67486","0.67486","0.64133","0.64133","0.64133"
"390","0.53864","0.53864","0.53864","0.59838","0.59838","0.59838","0.65802","0.65802","0.65802","0.63709","0.63709","0.63709"
"391","0.52465","0.52465","0.52465","0.58927","0.58927","0.58927","0.6806","0.6806","0.6806","0.66405","0.66405","0.66405"
"392","0.53407","0.53407","0.53407","0.60289","0.60289","0.60289","0.66633","0.66633","0.66633","0.65317","0.65317","0.65317"
"393","0.51479","0.51479","0.51479","0.57681","0.57681","0.57681","0.67039","0.67039","0.67039","0.63816","0.63816","0.63816"
"394","0.51806","0.51806","0.51806","0.58244","0.58244","0.58244","0.65412","0.65412","0.65412","0.64722","0.64722","0.64722"
"395","0.53004","0.53004","0.53004","0.58517","0.58517","0.58517","0.6617","0.6617","0.6617","0.65177","0.65177","0.65177"
"396","0.54405","0.54405","0.54405","0.59719","0.59719","0.59719","0.65687","0.65687","0.65687","0.60828","0.60828","0.60828"
"397","0.51873","0.51873","0.51873","0.57085","0.57085","0.57085","0.64416","0.64416","0.64416","0.62156","0.62156","0.62156"
"398","0.51828","0.51828","0.51828","0.57383","0.57383","0.57383","0.66076","0.66076","0.66076","0.63773","0.63773","0.63773"
"399","0.52469","0.52469","0.52469","0.57414","0.57414","0.57414","0.65953","0.65953","0.65953","0.61601","0.61601","0.61601"
"400","0.52069","0.52069","0.52069","0.57647","0.57647","0.57647","0.65968","0.65968","0.65968","0.63347","0.63347","0.63347"
"401","0.51133","0.51133","0.51133","0.58189","0.58189","0.58189","0.64072","0.64072","0.64072","0.63289","0.63289","0.63289"
"402","0.52334","0.52334","0.52334","0.59293","0.59293","0.59293","0.65948","0.65948","0.65948","0.62903","0.62903","0.62903"
"403","0.51328","0.51328","0.51328","0.58161","0.58161","0.58161","0.62305","0.62305","0.62305","0.61652","0.61652","0.61652"
"404","0.50622","0.50622","0.50622","0.58396","0.58396","0.58396","0.6554","0.6554","0.6554","0.62637","0.62637","0.62637"
"405","0.51193","0.51193","0.51193","0.57131","0.57131","0.57131","0.65375","0.65375","0.65375","0.61072","0.61072","0.61072"
"406","0.51987","0.51987","0.51987","0.58726","0.58726","0.58726","0.65831","0.65831","0.65831","0.64233","0.64233","0.64233"
"407","0.50311","0.50311","0.50311","0.5681","0.5681","0.5681","0.62272","0.62272","0.62272","0.65286","0.65286","0.65286"
"408","0.5026","0.5026","0.5026","0.56929","0.56929","0.56929","0.63255","0.63255","0.63255","0.61886","0.61886","0.61886"
"409","0.51704","0.51704","0.51704","0.57347","0.57347","0.57347","0.63704","0.63704","0.63704","0.60797","0.60797","0.60797"
"410","0.50121","0.50121","0.50121","0.55594","0.55594","0.55594","0.64997","0.64997","0.64997","0.61423","0.61423","0.61423"
"411","0.53092","0.53092","0.53092","0.5787","0.5787","0.5787","0.62971","0.62971","0.62971","0.60415","0.60415","0.60415"
"412","0.51194","0.51194","0.51194","0.58049","0.58049","0.58049","0.64624","0.64624","0.64624","0.64018","0.64018","0.64018"
"413","0.51737","0.51737","0.51737","0.56968","0.56968","0.56968","0.64846","0.64846","0.64846","0.59164","0.59164","0.59164"
"414","0.51547","0.51547","0.51547","0.56394","0.56394","0.56394","0.65012","0.65012","0.65012","0.6163","0.6163","0.6163"
"415","0.50238","0.50238","0.50238","0.57554","0.57554","0.57554","0.63104","0.63104","0.63104","0.6202","0.6202","0.6202"
"416","0.51072","0.51072","0.51072","0.58249","0.58249","0.58249","0.63765","0.63765","0.63765","0.61783","0.61783","0.61783"
"417","0.51286","0.51286","0.51286","0.56517","0.56517","0.56517","0.62034","0.62034","0.62034","0.60142","0.60142","0.60142"
"418","0.50338","0.50338","0.50338","0.566","0.566","0.566","0.64222","0.64222","0.64222","0.60348","0.60348","0.60348"
"419","0.49849","0.49849","0.49849","0.55649","0.55649","0.55649","0.62113","0.62113","0.62113","0.60044","0.60044","0.60044"
"420","0.51265","0.51265","0.51265","0.56914","0.56914","0.56914","0.63484","0.63484","0.63484","0.61633","0.61633","0.61633"
"421","0.51021","0.51021","0.51021","0.57625","0.57625","0.57625","0.61485","0.61485","0.61485","0.63056","0.63056","0.63056"
"422","0.4797","0.4797","0.4797","0.54449","0.54449","0.54449","0.6232","0.6232","0.6232","0.6367","0.6367","0.6367"
"423","0.49081","0.49081","0.49081","0.54627","0.54627","0.54627","0.63086","0.63086","0.63086","0.61565","0.61565","0.61565"
"424","0.48932","0.48932","0.48932","0.5447","0.5447","0.5447","0.60386","0.60386","0.60386","0.61442","0.61442","0.61442"
"425","0.4976","0.4976","0.4976","0.56206","0.56206","0.56206","0.6163","0.6163","0.6163","0.61868","0.61868","0.61868"
"426","0.49778","0.49778","0.49778","0.53596","0.53596","0.53596","0.62604","0.62604","0.62604","0.60345","0.60345","0.60345"
"427","0.49157","0.49157","0.49157","0.55328","0.55328","0.55328","0.6398","0.6398","0.6398","0.60105","0.60105","0.60105"
"428","0.49887","0.49887","0.49887","0.55932","0.55932","0.55932","0.60326","0.60326","0.60326","0.62205","0.62205","0.62205"
"429","0.49456","0.49456","0.49456","0.55604","0.55604","0.55604","0.60817","0.60817","0.60817","0.61346","0.61346","0.61346"
"430","0.49414","0.49414","0.49414","0.55","0.55","0.55","0.63448","0.63448","0.63448","0.60605","0.60605","0.60605"
"431","0.48939","0.48939","0.48939","0.54665","0.54665","0.54665","0.60391","0.60391","0.60391","0.60667","0.60667","0.60667"
"432","0.4941","0.4941","0.4941","0.55508","0.55508","0.55508","0.61508","0.61508","0.61508","0.6109","0.6109","0.6109"
"433","0.48819","0.48819","0.48819","0.5506","0.5506","0.5506","0.62209","0.62209","0.62209","0.59529","0.59529","0.59529"
"434","0.496","0.496","0.496","0.54939","0.54939","0.54939","0.60581","0.60581","0.60581","0.58793","0.58793","0.58793"
"435","0.48947","0.48947","0.48947","0.55052","0.55052","0.55052","0.62724","0.62724","0.62724","0.59533","0.59533","0.59533"
"436","0.48558","0.48558","0.48558","0.53447","0.53447","0.53447","0.60024","0.60024","0.60024","0.60954","0.60954","0.60954"
"437","0.47714","0.47714","0.47714","0.52662","0.52662","0.52662","0.59553","0.59553","0.59553","0.60945","0.60945","0.60945"
"438","0.49472","0.49472","0.49472","0.54926","0.54926","0.54926","0.62539","0.62539","0.62539","0.5954","0.5954","0.5954"
"439","0.48177","0.48177","0.48177","0.5468","0.5468","0.5468","0.61057","0.61057","0.61057","0.59076","0.59076","0.59076"
"440","0.49774","0.49774","0.49774","0.5577","0.5577","0.5577","0.59972","0.59972","0.59972","0.58433","0.58433","0.58433"
"441","0.47838","0.47838","0.47838","0.53906","0.53906","0.53906","0.59314","0.59314","0.59314","0.6016","0.6016","0.6016"
"442","0.47456","0.47456","0.47456","0.54224","0.54224","0.54224","0.60374","0.60374","0.60374","0.61165","0.61165","0.61165"
"443","0.4829","0.4829","0.4829","0.53548","0.53548","0.53548","0.60109","0.60109","0.60109","0.61507","0.61507","0.61507"
"444","0.4767","0.4767","0.4767","0.53293","0.53293","0.53293","0.60131","0.60131","0.60131","0.58386","0.58386","0.58386"
"445","0.48278","0.48278","0.48278","0.53665","0.53665","0.53665","0.59984","0.59984","0.59984","0.59319","0.59319","0.59319"
"446","0.46247","0.46247","0.46247","0.51743","0.51743","0.51743","0.60434","0.60434","0.60434","0.59079","0.59079","0.59079"
"447","0.48065","0.48065","0.48065","0.53126","0.53126","0.53126","0.6073","0.6073","0.6073","0.59308","0.59308","0.59308"
"448","0.47138","0.47138","0.47138","0.53328","0.53328","0.53328","0.60909","0.60909","0.60909","0.58856","0.58856","0.58856"
"449","0.46662","0.46662","0.46662","0.5211","0.5211","0.5211","0.59908","0.59908","0.59908","0.60457","0.60457","0.60457"
"450","0.47176","0.47176","0.47176","0.53195","0.53195","0.53195","0.60338","0.60338","0.60338","0.58983","0.58983","0.58983"
"451","","","","0.52477","0.52477","0.52477","0.61053","0.61053","0.61053","0.6016","0.6016","0.6016"
"452","","","","0.54191","0.54191","0.54191","0.61325","0.61325","0.61325","0.60338","0.60338","0.60338"
"453","","","","0.53748","0.53748","0.53748","0.59881","0.59881","0.59881","0.58364","0.58364","0.58364"
"454","","","","0.51419","0.51419","0.51419","0.58251","0.58251","0.58251","0.58974","0.58974","0.58974"
"455","","","","0.50525","0.50525","0.50525","0.58928","0.58928","0.58928","0.59791","0.59791","0.59791"
"456","","","","0.52634","0.52634","0.52634","0.59906","0.59906","0.59906","0.58356","0.58356","0.58356"
"457","","","","0.52095","0.52095","0.52095","0.59054","0.59054","0.59054","0.57653","0.57653","0.57653"
"458","","","","0.50785","0.50785","0.50785","0.59643","0.59643","0.59643","0.59677","0.59677","0.59677"
"459","","","","0.53483","0.53483","0.53483","0.59284","0.59284","0.59284","0.56244","0.56244","0.56244"
"460","","","","0.51842","0.51842","0.51842","0.58208","0.58208","0.58208","0.55813","0.55813","0.55813"
"461","","","","0.51555","0.51555","0.51555","0.59256","0.59256","0.59256","0.58085","0.58085","0.58085"
"462","","","","0.50831","0.50831","0.50831","0.59292","0.59292","0.59292","0.57355","0.57355","0.57355"
"463","","","","0.52308","0.52308","0.52308","0.58345","0.58345","0.58345","0.59495","0.59495","0.59495"
"464","","","","0.51267","0.51267","0.51267","0.59813","0.59813","0.59813","0.58736","0.58736","0.58736"
"465","","","","0.51774","0.51774","0.51774","0.59701","0.59701","0.59701","0.56329","0.56329","0.56329"
"466","","","","0.49975","0.49975","0.49975","0.58251","0.58251","0.58251","0.57988","0.57988","0.57988"
"467","","","","0.49349","0.49349","0.49349","0.56326","0.56326","0.56326","0.55276","0.55276","0.55276"
"468","","","","0.51986","0.51986","0.51986","0.5762","0.5762","0.5762","0.56801","0.56801","0.56801"
"469","","","","0.51488","0.51488","0.51488","0.58112","0.58112","0.58112","0.55826","0.55826","0.55826"
"470","","","","0.50904","0.50904","0.50904","0.58415","0.58415","0.58415","0.57256","0.57256","0.57256"
"471","","","","0.51742","0.51742","0.51742","0.59224","0.59224","0.59224","0.55587","0.55587","0.55587"
"472","","","","0.52199","0.52199","0.52199","0.56663","0.56663","0.56663","0.55652","0.55652","0.55652"
"473","","","","0.51614","0.51614","0.51614","0.57601","0.57601","0.57601","0.56406","0.56406","0.56406"
"474","","","","0.48988","0.48988","0.48988","0.56312","0.56312","0.56312","0.55971","0.55971","0.55971"
"475","","","","0.50836","0.50836","0.50836","0.56522","0.56522","0.56522","0.5458","0.5458","0.5458"
"476","","","","0.4796","0.4796","0.4796","0.56532","0.56532","0.56532","0.53149","0.53149","0.53149"
"477","","","","0.49456","0.49456","0.49456","0.55744","0.55744","0.55744","0.55209","0.55209","0.55209"
"478","","","","0.5121","0.5121","0.5121","0.56931","0.56931","0.56931","0.57435","0.57435","0.57435"
"479","","","","0.48777","0.48777","0.48777","0.56005","0.56005","0.56005","0.55893","0.55893","0.55893"
"480","","","","0.50988","0.50988","0.50988","0.56558","0.56558","0.56558","0.5491","0.5491","0.5491"
"481","","","","0.49379","0.49379","0.49379","0.56393","0.56393","0.56393","0.54646","0.54646","0.54646"
"482","","","","0.50416","0.50416","0.50416","0.55218","0.55218","0.55218","0.5665","0.5665","0.5665"
"483","","","","0.49007","0.49007","0.49007","0.56286","0.56286","0.56286","0.56165","0.56165","0.56165"
"484","","","","0.51107","0.51107","0.51107","0.54262","0.54262","0.54262","0.55184","0.55184","0.55184"
"485","","","","0.48931","0.48931","0.48931","0.54662","0.54662","0.54662","0.54483","0.54483","0.54483"
"486","","","","0.48982","0.48982","0.48982","0.55761","0.55761","0.55761","0.526","0.526","0.526"
"487","","","","0.49703","0.49703","0.49703","0.55643","0.55643","0.55643","0.53977","0.53977","0.53977"
"488","","","","0.50547","0.50547","0.50547","0.5521","0.5521","0.5521","0.56262","0.56262","0.56262"
"489","","","","0.49731","0.49731","0.49731","0.53843","0.53843","0.53843","0.53896","0.53896","0.53896"
"490","","","","0.4905","0.4905","0.4905","0.54183","0.54183","0.54183","0.54285","0.54285","0.54285"
"491","","","","0.45953","0.45953","0.45953","0.50113","0.50113","0.50113","0.54403","0.54403","0.54403"
"492","","","","0.43987","0.43987","0.43987","0.47641","0.47641","0.47641","0.49928","0.49928","0.49928"
"493","","","","0.44663","0.44663","0.44663","0.48664","0.48664","0.48664","0.50332","0.50332","0.50332"
"494","","","","0.43207","0.43207","0.43207","0.45114","0.45114","0.45114","0.50212","0.50212","0.50212"
"495","","","","0.42211","0.42211","0.42211","0.4676","0.4676","0.4676","0.46976","0.46976","0.46976"
"496","","","","0.41169","0.41169","0.41169","0.45385","0.45385","0.45385","0.47447","0.47447","0.47447"
"497","","","","0.41287","0.41287","0.41287","0.44722","0.44722","0.44722","0.47045","0.47045","0.47045"
"498","","","","0.42065","0.42065","0.42065","0.45371","0.45371","0.45371","0.48261","0.48261","0.48261"
"499","","","","0.41747","0.41747","0.41747","0.44401","0.44401","0.44401","0.48087","0.48087","0.48087"
"500","","","","0.42903","0.42903","0.42903","0.45241","0.45241","0.45241","0.49718","0.49718","0.49718"