image_id,x_min,y_min,x_max,y_max,conf
002a34c58c5b758217ed1f584ccbcfe9,377.5561828613281,465.7619323730469,802.10693359375,649.0537109375,0.0003124689101241529
004f33259ee4aef671c2b95d54e4be68,430.89300537109375,497.1188049316406,729.8722534179688,603.0970458984375,0.0002474078210070729
008bdde2af2462e86fd373a445d0f4cd,487.47662353515625,490.8783264160156,790.5674438476562,642.6561279296875,0.5089626312255859
009bc039326338823ca3aa84381f17f1,372.41021728515625,442.6533203125,750.1553344726562,569.6885375976562,0.02358906716108322
00a2145de1886cb9eb88869c85d74080,387.20587158203125,531.1728515625,854.7800903320312,709.427490234375,0.7204761505126953
00b7e6bfa4dc1fe9ddd0ce74743e38c2,371.6971740722656,481.67926025390625,706.6717529296875,659.6911010742188,0.28371864557266235
002a34c58c5b758217ed1f584ccbcfe9,377.5561828613281,465.7619323730469,802.10693359375,649.0537109375,0.0003124689101241529
004f33259ee4aef671c2b95d54e4be68,430.89300537109375,497.1188049316406,729.8722534179688,603.0970458984375,0.0002474078210070729
008bdde2af2462e86fd373a445d0f4cd,487.47662353515625,490.8783264160156,790.5674438476562,642.6561279296875,0.5089626312255859
009bc039326338823ca3aa84381f17f1,372.41021728515625,442.6533203125,750.1553344726562,569.6885375976562,0.02358906716108322
00a2145de1886cb9eb88869c85d74080,387.20587158203125,531.1728515625,854.7800903320312,709.427490234375,0.7204761505126953
00b7e6bfa4dc1fe9ddd0ce74743e38c2,371.6971740722656,481.67926025390625,706.6717529296875,659.6911010742188,0.28371864557266235
002a34c58c5b758217ed1f584ccbcfe9,377.5561828613281,465.7619323730469,802.10693359375,649.0537109375,0.0003124689101241529
004f33259ee4aef671c2b95d54e4be68,430.89300537109375,497.1188049316406,729.8722534179688,603.0970458984375,0.0002474078210070729
008bdde2af2462e86fd373a445d0f4cd,487.47662353515625,490.8783264160156,790.5674438476562,642.6561279296875,0.5089626312255859
009bc039326338823ca3aa84381f17f1,372.41021728515625,442.6533203125,750.1553344726562,569.6885375976562,0.02358906716108322
00a2145de1886cb9eb88869c85d74080,387.20587158203125,531.1728515625,854.7800903320312,709.427490234375,0.7204761505126953
00b7e6bfa4dc1fe9ddd0ce74743e38c2,371.6971740722656,481.67926025390625,706.6717529296875,659.6911010742188,0.28371864557266235
013c169f9dad6f1f6485da961b9f7bf2,395.2196044921875,584.1728515625,645.8616943359375,701.548095703125,0.0005286383093334734
01431a2618c0ace741e4e270a37e20b9,477.40313720703125,507.4410095214844,827.6851196289062,645.2105712890625,0.7240843772888184
016bc723c3ceedb78e27ebfe7032498e,323.9154052734375,458.2948913574219,685.568115234375,636.835693359375,0.01797810196876526
019df578e38053e614d483f7fb347b26,343.3905029296875,599.6488037109375,743.62353515625,775.9066162109375,0.0002620616287458688
01ded16689539deb30d0981fafd18465,371.079833984375,569.8858642578125,701.4033203125,744.368896484375,0.00010954336903523654
01eb30a37b6f5fed8a8d3ab2d1c0a7d6,289.8815002441406,537.9366455078125,900.2977294921875,785.0323486328125,0.2101210653781891
01f8f17dba6c5e67ba5bcf30ce70ea3f,400.91064453125,393.2487487792969,768.5667724609375,631.41357421875,0.047988057136535645
02199417ff2a400cff64249f0399f0d7,391.7628479003906,401.48516845703125,800.0970458984375,536.17041015625,0.3319045603275299
022a62478444fedf2dea1ba91aafdc48,403.2672119140625,466.124267578125,742.0250244140625,616.272216796875,0.04726181924343109
02425334e92510da663eb913ad0632ea,436.173583984375,501.0462646484375,755.27587890625,625.011962890625,0.012105477042496204
024e693014e70d448f650267bed661ae,420.2113037109375,506.2362060546875,780.9437255859375,659.162841796875,0.013963356614112854
0271d381c3e88527721efcfaf518be71,373.77484130859375,558.2001953125,789.0198364257812,801.271240234375,0.011593125760555267
0291515f5d14c34180a15712a55bf7bd,431.0361328125,493.04486083984375,753.9627685546875,611.3364868164062,0.4529963433742523
02b0ad6e22487b7e3f08093c42444b0f,396.724609375,545.9793701171875,665.8067626953125,688.2288818359375,0.0003888378560077399
02d04b6b6883fd92c12a3dde5d2ff6c0,370.82550048828125,526.93115234375,814.9193725585938,731.143310546875,0.2128336876630783
034b98d64dc012298afb3d33fe880193,407.704833984375,372.8484191894531,713.914794921875,482.3082580566406,0.03669021651148796
037503b94eb68a16587a78bce365e681,391.77459716796875,454.0303649902344,840.4058227539062,679.0364990234375,0.18698039650917053
03a395d9fc03a6f8c5a50e693c20ab15,414.4410400390625,518.0993041992188,740.954833984375,638.8982543945312,0.00038200573180802166
03aca410943c7f131b16572f03ee2cf6,294.511962890625,494.24432373046875,835.421630859375,708.4786987304688,0.014986741356551647
03b796fd180662c4e579a4b8894486a9,349.31866455078125,582.04638671875,809.9802856445312,837.501953125,0.0006004276219755411
03caacd475acb947a2f11d1a0d76a971,404.1658935546875,683.6240234375,843.8343505859375,871.188720703125,0.04820726066827774
03ea976a276b66285825246525357949,337.39013671875,463.38372802734375,707.592529296875,715.6856079101562,0.01802271045744419
03f00327702f48c4b6726a0e1649a157,376.476806640625,660.7459716796875,730.6876220703125,794.3934326171875,0.17244897782802582
03f9ce3f34a38cf5c6411acd8fd4c5ff,376.0180358886719,526.00048828125,723.455810546875,687.6875,0.0002386970882071182
041c40e3f03d9af32b594c5186575a61,349.8973083496094,487.7803955078125,874.0655517578125,752.8492431640625,0.017823603004217148
043111cdad4d26204503d3396876046f,438.37939453125,616.3372192382812,760.6297607421875,758.4149780273438,0.0002776587789412588
045a16fa7dd72c16b7b7d44ff10be428,382.06146240234375,499.66912841796875,763.4710083007812,664.1947631835938,0.10914721339941025
0461006c3061e71f2cf28da9565d7288,337.19549560546875,447.04217529296875,778.8046264648438,605.0164184570312,0.07903575897216797
04669ec4821d2dde14eb2f9a3f47eb7e,431.38018798828125,606.515625,764.2005004882812,726.869873046875,0.003970196936279535
047815a469503dfe21da4a12e2514a15,374.8634033203125,478.5971374511719,767.01025390625,658.474853515625,0.001038629561662674
048ce999447fbb6a58ea17fac775288b,355.6314392089844,543.7230224609375,779.2413330078125,781.0731201171875,0.00016134859470184892
0493df0059bd251e6dbb0dc71f5c5b45,259.4869079589844,490.4192199707031,883.8382568359375,815.40625,0.5677897334098816
04b68e83e611caf345b0a1dc9c65ec88,373.87744140625,576.090087890625,728.4144287109375,701.7113037109375,0.005699523724615574
04b700c4815f088728db9f093c739707,388.02362060546875,635.2554931640625,759.4441528320312,802.7198486328125,0.0022611129097640514
04c6efbd31a676bb888a4f5bf53d03c1,398.4505310058594,647.8651733398438,734.8189697265625,766.5391235351562,0.00022757456463295966
04cc236166c1ff638ff6200f2f2a397d,392.2400207519531,551.7437744140625,770.192626953125,653.7384033203125,0.010891730897128582
04da0054eed9aa1c8b95ade5e6c16a00,479.552490234375,512.6070556640625,738.9429931640625,655.8363037109375,0.0001635700900806114
051b1b1edcbaa44059c7b3edbe70c3b8,400.20281982421875,546.062255859375,756.7948608398438,688.834716796875,0.004102887585759163
0538230ced64be2db111ff5d07624db1,442.7333984375,430.761962890625,735.0584716796875,528.51806640625,0.0011371624423190951
056815f22ac3de9b9eb6fb963d4cfa5a,388.1300048828125,470.4945068359375,681.400390625,637.9998779296875,0.00012109834642615169
05857909cbf214a6cbdef5306e18d48e,380.7911071777344,552.6150512695312,735.5899658203125,690.0669555664062,0.04834553599357605
05a548fd37b6e44ab97a48dabee57c21,372.46234130859375,519.884033203125,752.5510864257812,716.00048828125,0.00022932364663574845
05e951c63e80999f13e6e09e7ec8439a,388.3677673339844,519.0828857421875,716.2144775390625,698.2349853515625,0.0010133335599675775
05fd4bbf127858eb83ae01cd454d3e2a,447.86077880859375,501.1510925292969,786.7288208007812,647.419677734375,0.09101781249046326
065473884bfa339d2e464e5394d56fd6,424.89697265625,583.062744140625,790.6629638671875,749.013671875,0.011728157289326191
0713502741102f3e494fb39bbd9f9571,410.32025146484375,556.766845703125,724.4905395507812,686.8553466796875,0.00011509612522786483
07229c769cb2c284c1114c6fe7ed3dd6,422.1932678222656,549.6248168945312,791.8575439453125,788.6101684570312,0.0010048202238976955
074e3cceb0c1677a1ad0dbff31167d7d,325.675537109375,559.9043579101562,720.5819091796875,710.6854858398438,0.017858153209090233
0764ce517782604a7b81bb6e17c798e9,339.7447814941406,543.0806884765625,733.0601806640625,733.5308837890625,0.00020680800662375987
0792bb20718b8006f78094ae449c3c96,370.52392578125,540.580078125,846.386962890625,755.242431640625,0.623103678226471
0799063103aea263344a77adbde5b7ca,442.3554992675781,555.255859375,810.6591796875,726.7066650390625,0.0022044458892196417
079de341c7b3804c37114b8da3011b45,445.5550537109375,553.6673583984375,766.634765625,663.4100341796875,0.0007704345043748617
07cdcea9a6c3049d7a02ade9c680d4d7,427.9831848144531,522.45751953125,783.48193359375,661.49755859375,0.0005729767726734281
07dcda506753ae678e2cc937f1f8ddf2,366.094482421875,613.1196899414062,694.38671875,785.9430541992188,0.0005755278980359435
07ee04ca7bb66d99ae283ded05f1af76,369.91033935546875,424.92266845703125,795.7581176757812,603.6986694335938,0.0024726868141442537
07fecb6f57a3d452c4764b1013740141,374.044921875,465.4483642578125,740.287841796875,596.0594482421875,0.7114114165306091
080fd678b461536e6e1b5d9b17093cdb,404.7820739746094,557.0142822265625,805.2730712890625,746.3206787109375,0.5387699604034424
08807797eff7d24d76e4817a3a38477e,390.9758605957031,520.568115234375,739.449462890625,662.135498046875,0.0435672253370285
08d6125cda5ffceb8f235c96179a7061,370.18658447265625,464.1463317871094,810.8078002929688,689.2904052734375,0.0006051657255738974
08e4edc0d35455c8e25a74b9ed3137b0,434.866943359375,437.3165283203125,771.1839599609375,744.644287109375,0.0001093963801395148
08ee53ea1825d6e2feffc2a6488f2d7d,461.5552062988281,642.5361938476562,770.7021484375,776.7714233398438,0.000734535395167768
090a90ca6e01ed9f613578c95c151a01,342.90350341796875,473.4359436035156,746.0221557617188,699.3768310546875,0.0004280168504919857
09291f525b50263a1b90764715395311,359.73553466796875,582.7672729492188,758.3845825195312,761.9522094726562,0.001710409065708518
0956d88d67ce080413b1b3ac20ab8622,398.8614807128906,531.360595703125,755.0338134765625,659.458251953125,0.01166841946542263
099e4272e7aa6f18b8fa322e1277c6a9,449.7567443847656,475.8948974609375,766.8956298828125,635.9637451171875,0.0021187590900808573
09b017424bf8f0c76ba99e4f0dfc0019,345.8992614746094,524.2298583984375,770.3780517578125,746.0601806640625,0.0010913298465311527
09defc0d2204d156a38f8391e491e7b2,434.8929443359375,524.7205810546875,754.6370849609375,641.2659912109375,0.0009644947713240981
09f6d7dd9a59caf6c35604c0d0d2b74b,397.3997497558594,570.4315795898438,790.9991455078125,700.8828735351562,0.02732866257429123
0a1addecfc432a1b425d61fe57bc29d2,377.03955078125,515.4119262695312,750.34326171875,684.9368286132812,0.00036885624285787344
0a2e45455fe2c76ddbbb5f38ab35f6f2,408.43463134765625,565.3549194335938,749.8246459960938,697.6304321289062,0.0014052905607968569
0a6fd1c1d71ff6f9e0f0afa746e223e4,362.3360900878906,431.5877990722656,805.6968994140625,747.4136962890625,0.20134660601615906
0a8dc3de200bc767169b73a6ab91e948,415.3397216796875,531.1447143554688,786.163818359375,685.8447875976562,0.00014249936793930829
0aa034371e578904c6789c08e4118733,365.47283935546875,459.4260559082031,739.9677124023438,580.928955078125,0.06161365285515785
0aa43b52e98700f8696bf36c10a76cea,398.21337890625,530.5509033203125,700.8748779296875,650.5880126953125,0.00015536144201178104
0aed23e64ebdea798486056b4f174424,389.33868408203125,559.265625,770.9877319335938,736.525634765625,0.2677030563354492
0af6decdf00b39d4cd1d35466bd3dff9,406.4244384765625,590.81689453125,684.8941650390625,785.976806640625,0.00017530255718156695
0af8628f5cbe0786db483a10934d1be5,445.1026611328125,526.4451293945312,788.7083740234375,667.7470092773438,0.0001085660551325418
0b16787b884e51fec691c45ca92c884b,391.03509521484375,598.85595703125,819.6708374023438,829.535400390625,0.006020981352776289
0b1f7b86b0ddb459fb779c6d473d96ad,378.9477844238281,589.0582275390625,743.068115234375,803.6995849609375,0.001136418548412621
0b2105548746dc55aa03324d07e2a2ed,401.57513427734375,594.5033569335938,713.1038208007812,743.7517700195312,0.0004515524778980762
0b3f7238925b27dfb99c7e53a6db52c7,344.93017578125,509.8745422363281,642.4910888671875,737.18359375,0.0009646877297200263
0b4e8de571c66cf889f2beb35182974b,351.37091064453125,636.7399291992188,686.2108764648438,781.2296752929688,0.00031664935522712767
0b7b8344c7c39373cfddf21a7339f206,338.39495849609375,585.525390625,698.6325073242188,708.2720947265625,0.5847240686416626
0b877b934aada3284ac13cfa74b5419c,440.3197021484375,484.1268310546875,767.80712890625,624.636474609375,0.0010854230495169759
0b8ec8f17db23936e86de9ca3f36d206,495.31768798828125,268.6502685546875,642.0969848632812,368.697509765625,0.00011942626588279381
0b9f58b6f12a231738723f4d2dda0312,407.4932861328125,476.228271484375,775.118408203125,587.6226806640625,0.015149448998272419
0bfd35d7f2b63b1ef799fefb18605191,416.3452453613281,423.46685791015625,808.0380859375,720.0776977539062,0.13003388047218323
0c0097d1ce174bc3bd6a0268b01ea90f,400.5041809082031,542.6222534179688,743.03076171875,693.8921508789062,0.001737904385663569
0c26e997c79d2a3149cf1a62c9444554,373.7130126953125,628.6158447265625,714.37939453125,785.0743408203125,0.00018918525893241167
0c5bc5fdf756d1251e431c9281349376,384.8104248046875,563.4630126953125,732.73681640625,748.407470703125,0.0002257846063002944
0c6036df3708fe77c1c76498240d6774,413.19622802734375,611.14111328125,764.7362670898438,749.61767578125,0.3200730085372925
0c785dff51447d6e689e15dcfe10c8e2,428.814208984375,610.940673828125,751.5352783203125,741.001708984375,0.00021956427372060716
0c803c4810a8c5ec362f5d4504489431,440.6984558105469,542.8770751953125,725.81591796875,653.5653076171875,0.007223368156701326
0c84dad44979c3a7777a8f4f4d9f5f7a,409.6361083984375,495.4483337402344,794.855712890625,633.1715087890625,0.00041286126361228526
0c8cb29888d314a0a8cfd0f8278af74c,411.28936767578125,492.59857177734375,782.8090209960938,734.6132202148438,0.004338711965829134
0c9ba9fe4ff5e339f3a71d1a58824392,423.7576904296875,467.6455993652344,692.9429931640625,570.7305908203125,0.00013751020014751703
0cadc7fd92caf5c27d7ce718d089897d,366.4302978515625,522.4002685546875,764.0689697265625,713.6431884765625,0.0030993963591754436
0cbb68610a123b21defa9410699b0bb5,381.41265869140625,500.4838562011719,848.2639770507812,687.44580078125,0.011696282774209976
0cc3831c89471998bee7a1fa78d0aa19,475.5679626464844,259.0694274902344,645.7637939453125,377.5243225097656,0.00010705352178774774
0cc5600e54fe599fefce87de375268e3,411.89404296875,653.6944580078125,732.4239501953125,765.34814453125,0.0020026382990181446
0ccde8751e5952ea6bb047378dcbabba,291.7209777832031,468.5119934082031,774.78369140625,727.95458984375,0.03198891878128052
0cd194f171015c0eb824a1bd057f440b,341.919189453125,611.3175048828125,753.4737548828125,779.4207763671875,0.016568554565310478
0ce3ae82d1f5c69f253432c5ec47c1be,438.8377685546875,407.3859558105469,801.51611328125,625.8544921875,0.00424331147223711
0d0561a5e6379aba13d71e50b6b70747,370.1866455078125,602.11376953125,696.1871337890625,706.576171875,0.0021441865246742964
0d60b79ab9aee1e4687e17fdc56ead06,368.2688293457031,513.658203125,745.7978515625,681.557861328125,0.006644196342676878
0d61bab6add9d96f656dbc7ee9d56e23,385.8600158691406,466.14642333984375,853.6505126953125,658.1321411132812,0.6546490788459778
0d6d426159c634f71eb7fa9bf6f9e84a,355.8636474609375,589.156005859375,783.0211181640625,777.059814453125,0.00180408067535609
0d825340b08e816f7d8f28c7c7809a31,282.76446533203125,542.3961181640625,739.0008544921875,814.1512451171875,0.030122360214591026
0dc4847520090c7a38b61beb38d28963,137.76666259765625,198.30804443359375,353.302978515625,339.515625,0.0001319046859862283
0dc797718326e05d1decd2996f748fc7,430.8083801269531,508.7568054199219,701.203369140625,628.1904296875,0.003664982970803976
0e033fc78ddfc67dbd8382a8b3198e5a,402.21795654296875,585.2542724609375,771.0320434570312,754.1629638671875,0.01526162214577198
0e2a6f637bc997be18ec30687bdc3762,389.24102783203125,565.95947265625,820.3906860351562,730.1427001953125,0.0008132449584081769
0e302ce9dc207afa54c8661ebdfc9051,412.31591796875,676.2998046875,732.7740478515625,825.823974609375,0.0008198919240385294
0e36597f559be16b6304f3771082c82a,341.39276123046875,509.779296875,647.3819580078125,765.899169921875,0.00016006294754333794
0e4736c7f5fab2998a3ef0e51fe48953,399.783935546875,565.69580078125,817.7991943359375,740.498046875,0.0032509875018149614
0e48bfb79ac12bbcce9b66cc9f14544c,407.6702880859375,627.9539794921875,711.072509765625,782.5582275390625,0.007843351922929287
0e5f2fdf49cbfdbe2a7c0861d15a73ff,304.49578857421875,557.2989501953125,639.0994262695312,684.8995361328125,0.3930228650569916
0e68445ef76f193664ea018630544d95,400.87042236328125,515.2086181640625,744.6865844726562,642.1336669921875,0.6906434893608093
0e6d7de1c4b73e5a5a12d6a5f20f9711,393.745361328125,548.081298828125,808.22412109375,719.9130859375,0.0005253013805486262
0e7c94db444735ae4b8dfc72ae62ff3e,419.978759765625,518.5515747070312,765.7579345703125,634.5650024414062,0.001497457385994494
0e8b4d8bb1a8719e9e8f4755f13e34c4,378.2740173339844,467.2113342285156,765.1646728515625,665.8214111328125,0.2907870411872864
0e8d4e702da9eefdbb2696a98006ec55,434.2618408203125,494.4642333984375,820.0594482421875,637.530517578125,0.004833335056900978
0ea56c754d072508fc28428b2f6a0a30,471.6911315917969,718.7965698242188,781.495849609375,847.3286743164062,0.00021990975074004382
0eca5bbff12b841c18d231fc8cda0eeb,406.4940185546875,479.05560302734375,724.0784912109375,651.5570678710938,0.005388977471739054
0ecaae458f6ca4c8f4dd9975d62a6fa4,331.7510986328125,538.949951171875,814.4393310546875,718.7635498046875,0.12730790674686432
0ecb6d6e449d5f71b183a6f7fe214c10,404.7286376953125,665.4654541015625,760.5665283203125,831.9970703125,0.00010962120722979307
0ed15ab15f2304a9a811d7fa6ce843de,402.4998474121094,640.7846069335938,724.3060302734375,787.8162231445312,0.010618411935865879
0eddd00dffcdacb1c8ac0d0547c545a7,395.04486083984375,499.49200439453125,794.4840698242188,772.7160034179688,0.0006687571294605732
0ef99f92d68d16b8912cc073731ffad1,396.63970947265625,566.116943359375,707.3480834960938,716.2762451171875,0.0002396898198639974
0f4fd9b975fc4cc80c28b9539769f8e6,388.205078125,520.8983154296875,767.23779296875,650.7391357421875,0.02807890623807907
0f62d0a08f8d384a1ab5b78e83554e29,432.9479064941406,581.024169921875,791.2423095703125,706.74365234375,0.03416226804256439
0f8e45ea561be377320632bcb7348f72,375.42071533203125,498.3756103515625,780.2387084960938,781.9105224609375,0.0011846109991893172
0fa816512a0a0342b0cf87fcaa672dab,439.3089599609375,464.5540466308594,808.136474609375,605.3780517578125,0.17189522087574005
0fbf80807ef3fdece30d9356a171ae3d,397.1102600097656,613.34228515625,704.9652099609375,749.056884765625,0.00026391257415525615
10344d2fdc514205d230de6319408ecd,364.0147705078125,521.41943359375,826.3936767578125,748.677734375,0.020328473299741745
10cba931b86360874e0905f97737d1f4,335.1419372558594,563.5223388671875,751.1470947265625,767.322998046875,0.00013157543435227126
10d3204872c83731aeaee57e020b768a,364.0618896484375,542.2374267578125,766.6728515625,729.7822265625,0.0019107741536572576
10fc9d37a7f2808a1c41da80d81a291f,430.5782470703125,233.71939086914062,581.6198120117188,343.6457824707031,0.00010902273788815364
114f3a0eabc40429a50aba292a9147bd,365.90875244140625,477.70751953125,731.6843872070312,674.210205078125,0.0011625472689047456
11548ab15b1e24e1daa31af618ef9468,410.3420104980469,442.2315368652344,787.921142578125,592.2437744140625,0.012427723035216331
116bad01608f53b0e0a859461b3d5a76,423.23419189453125,578.1018676757812,779.3831176757812,758.2056274414062,0.0005160223809070885
1179e8bc6d3b41207a2140674c5ef1d0,317.75213623046875,535.4144287109375,801.1282348632812,757.6119384765625,0.7507999539375305
119a7830be7eaba5f4feb67d1ee9011e,590.5945434570312,1010.57666015625,844.2261352539062,1024.0,0.00048547849291935563
11b8e52dde21c314c67ead9547b1002a,400.3438415527344,518.87353515625,761.8980712890625,649.807373046875,0.003366131102666259
11c92d8711765e3f16b0be225d7d5c03,398.8910827636719,603.4031372070312,719.038330078125,715.8500366210938,0.04433660954236984
1205221385629d1199a6ed82fff7c18f,410.65264892578125,628.1820068359375,803.3513793945312,814.3624267578125,0.13121339678764343
121e650bba0d2537b821fb20bcc0db86,438.520751953125,574.9764404296875,745.116455078125,718.4281005859375,0.0010886912932619452
12202997d3fc0d506d2514a4c1995d15,338.5062561035156,511.0250244140625,846.3841552734375,777.5849609375,0.029877735301852226
12237409e14e5a96605c4fb7613c35a1,393.1782531738281,457.12322998046875,806.44921875,694.3193969726562,0.0007561257807537913
122b52a4ec108c2ed3e934b4abfcaac0,409.2672119140625,685.0863037109375,704.88037109375,780.5926513671875,0.000755328219383955
122d5a9f1b5bd22f6ddad0fd5e47c001,402.83148193359375,336.664794921875,616.9585571289062,422.1490478515625,0.0003222948289476335
1264a14de4ec7c401eaf55b1440e2d20,471.6245422363281,593.8564453125,799.21630859375,730.925537109375,0.002948952605947852
127c6048347e41fd040ae79d76fdfb3e,356.88299560546875,559.5955200195312,728.8311157226562,716.1104125976562,0.008679193444550037
12d5529941b5a673cb50f4e1e8c502de,317.66748046875,587.982666015625,624.6885986328125,699.904296875,0.013993260450661182
12df63c7ee868a1677ba273c3c775476,375.6107482910156,553.8587646484375,778.2694091796875,697.0245361328125,0.00468046497553587
12e58d45f46e91b639072bd5a86bea3e,427.1583557128906,604.640625,743.0550537109375,765.404296875,0.11080869287252426
12ed43ece0b7bff835c1461a7f501cdb,332.2264404296875,543.764404296875,861.644775390625,852.600341796875,0.09244837611913681
1310d74e9fdeb707f12ef28daeb3c090,424.58428955078125,463.1517333984375,761.4756469726562,593.16259765625,0.003742615692317486
134214ffc7f507842719617ecd5bfc52,332.2499084472656,462.539794921875,801.0975341796875,668.906982421875,0.1259378045797348
13789084b882efd4810ca26dbfff3858,444.7745666503906,491.93798828125,750.6944580078125,590.48095703125,0.0020399787463247776
137ac53870d1ad70a105130b93774949,427.9019775390625,346.69873046875,763.30029296875,459.73175048828125,0.19453376531600952
137f41dd06d51d9d230b6b65740097c2,370.1706848144531,474.20208740234375,871.244384765625,671.8875122070312,0.007431794423609972
13a6d3d468c044807b06e160c0723c33,391.8829040527344,499.882080078125,785.3365478515625,660.6728515625,0.00515341479331255
13b9d029ff4c874e22f539c174ae96ff,347.3610534667969,436.79364013671875,897.187255859375,742.7638549804688,0.5995211005210876
13db1898f2d711db4aaf0b2a9a4059cd,0.0,616.1254272460938,563.4795532226562,932.9791870117188,0.00047909992281347513
1417df96cf0ef3878d5be9cbf5b03b0b,276.7198486328125,445.1365051269531,774.1236572265625,684.3271484375,0.7774937152862549
1426d221af945559896985caa24d02a9,381.2490234375,699.7058715820312,684.777587890625,836.1848754882812,0.00022433529375120997
14ca70006ecaf4d16690279c2ef6b6d5,433.5747375488281,560.5789794921875,710.638427734375,675.5716552734375,0.00035084105911664665
14d7ac411bb2c8faf13ae0de31e4cf7a,360.0313415527344,511.93255615234375,765.8956298828125,767.4341430664062,0.0005275208968669176
14d90cb65cec1138f6bcb97bd7892393,448.4015197753906,601.990234375,811.0474853515625,807.481689453125,0.0002943292784038931
154dca2bde84a7434044daf0e61c5b69,348.519287109375,581.3392333984375,771.0240478515625,732.1358642578125,0.15412214398384094
158c6d4adf43b8fb9c3c51bd47180e9e,422.7781066894531,422.46197509765625,661.71728515625,511.36834716796875,0.0003329011960886419
15ebe1d755c0b7598be716ef950308d4,432.6401062011719,394.1917724609375,765.35986328125,594.08642578125,0.0017339718760922551
15fd19174078e6e85ca8a6521a367ae6,368.419921875,320.20635986328125,732.4361572265625,469.55926513671875,0.04211515188217163
16351a9a4a8dcf423a92f1b87d181389,386.3017883300781,559.10205078125,761.10986328125,796.9759521484375,0.00017649118672125041
163c884cba35d5d5ca50b7b8ea36a1fa,342.01129150390625,477.54156494140625,802.4432983398438,736.6093139648438,0.0410088449716568
165f2b132c2942833ab8138d48c96800,407.095458984375,651.4500732421875,733.3787841796875,822.9566650390625,0.0003936761640943587
16df71f433fedfbc6c67cc338137d7e4,348.0536804199219,613.07861328125,748.9482421875,819.875244140625,0.0014175422256812453
16e2409846b221679644329b0b682617,381.2490234375,499.41668701171875,802.6136474609375,644.3467407226562,0.7503988146781921
16eadc24e658018c787bf7dfc30ee144,388.2964172363281,475.5895690917969,778.442626953125,751.841552734375,0.0007063675438985229
16f1811f5ce5fef3f8ef60b2fc675af5,326.2760009765625,417.4495544433594,883.220703125,749.8594970703125,0.5659918189048767
171388f8091a33de18fa9def04b01042,441.6991882324219,574.4498291015625,768.351318359375,787.3175048828125,0.002348304493352771
171dff98d336340bca7e12645e0a5a41,382.0372314453125,589.074951171875,699.2513427734375,830.61669921875,0.00010763626778498292
17201bfb22f098b084c8b355cfc45c97,440.0189208984375,563.19873046875,751.51171875,703.328369140625,0.0002628896909300238
173a25467a671ab8f44a8c1e9e02d5e1,319.2148132324219,426.1941223144531,927.996337890625,774.806884765625,0.2683430016040802
173f8f59c15a521dc3ea16ee8783159c,430.68084716796875,517.6488037109375,727.6625366210938,637.2286376953125,0.0007460325723513961
17520d7b23b5a393d697ecf139b736fc,707.583251953125,766.225341796875,891.952392578125,821.627197265625,0.000659320445265621
17566869460d2082f1436ffc837f0c2a,404.184814453125,521.7283935546875,782.714599609375,652.7540283203125,0.7223770022392273
1797ac887e393a0e25ebb44b3125f0c1,421.6457214355469,575.1898193359375,811.458251953125,702.1676025390625,0.10413026809692383
17cb989569ca6ef46e1066b0cec22304,358.3755798339844,483.54974365234375,717.3536376953125,646.0929565429688,0.0019201657269150019
17d06e7d3f142ebb8f50088b417df79a,403.7841491699219,498.03253173828125,642.0966796875,596.3818969726562,0.00033582490868866444
17df698e956c640c7aad338afb841679,357.3310241699219,479.4407958984375,806.22021484375,838.9874267578125,0.0003780197002924979
17ead023e20603e9df9f2a3f326b2344,425.467529296875,674.5501098632812,775.8388671875,814.6063842773438,0.0001593138003954664
17eefd92847c5a56c84990047ab2d5ae,385.43218994140625,645.663818359375,756.1188354492188,775.77978515625,0.0031697179656475782
186398ac83152a0870a3c329646e66ae,349.5684509277344,540.9505615234375,835.8233642578125,751.418212890625,0.0009738198132254183
187b41878d6dfc41488d4f1f379bbdc1,340.099365234375,641.377685546875,790.3978271484375,837.170654296875,0.08283798396587372
1887e016e569b354a55e3fb4313def83,405.1704406738281,536.0579833984375,722.77490234375,672.4852294921875,0.002590445801615715
18beac8a923ed6b1e08cb5a631a73e76,408.91497802734375,523.0867919921875,796.6115112304688,645.2662353515625,0.02373454160988331
18d6003908775a049bc2c25e5c68c925,412.133056640625,677.1383666992188,786.739013671875,811.1970825195312,0.00015527495997957885
18e12fb03036d68da9f672073967c753,348.2000732421875,330.497314453125,743.330810546875,848.1356201171875,0.00022635406639892608
18f0e2093719a4b98c7e79d4f202b33f,393.3248291015625,541.9800415039062,713.1790771484375,671.0202026367188,0.013368966057896614
191b17a545a133660df08ad6b228c7ea,412.46844482421875,597.2760009765625,799.3663940429688,839.4068603515625,0.00025729500339366496
19956c66c5528604e1043c766eeba90f,379.0527038574219,535.3563232421875,804.896240234375,785.5858154296875,0.0007726600742898881
19c904c92f411c3bccc89f0024587543,387.58477783203125,654.4617919921875,753.8145141601562,785.42529296875,0.0009974250569939613
19e0d6ab0dc61189088d0e149c5871ac,409.34283447265625,602.9134521484375,785.0794067382812,813.9893798828125,0.08241432160139084
1a215224bd3e29b6e8e691893181bd21,387.1473083496094,461.3275146484375,731.9881591796875,582.9500732421875,0.7506357431411743
1aa1da1bf045b4eea350b501b1548351,281.93170166015625,498.0533752441406,674.490966796875,723.0186767578125,0.0017529648030176759
1aa707b195e1f6efffd8c17ca926eeef,370.78399658203125,446.8823547363281,809.2907104492188,675.328857421875,0.774612545967102
1aac6d9d0a45609aa2771e91e59451da,406.42755126953125,437.5711669921875,718.4168090820312,556.9358520507812,0.029318751767277718
1ac0078bcb5550b9dc4f0dbfade6eb4d,372.2763671875,616.9273681640625,742.047119140625,790.2628173828125,0.19771264493465424
1b26be04540ce7c6b0618a57cb295d13,361.8155517578125,643.462158203125,627.400634765625,757.8349609375,0.00027215955196879804
1b2df8b1ebcd4cf26b828e96dd54304a,421.396240234375,442.67474365234375,774.3197021484375,567.3029174804688,0.06646152585744858
1b3e916aa92b328e17f24d1c892cb749,383.671630859375,746.627197265625,720.2330322265625,862.557373046875,0.0007968069985508919
1b4407d5e1e9ec1e602c75fc80b7b001,413.8113098144531,457.4539794921875,769.347412109375,602.9991455078125,0.0009985127253457904
1b6a707131f787fe37d3ea40d2011d43,361.9237976074219,493.091552734375,731.984375,634.7205810546875,0.023993995040655136
1b78d27f9d6dbeb9296c6b610262c95e,440.996337890625,480.41619873046875,731.0291748046875,589.6411743164062,0.0006579674663953483
1bd17c03a70dbb1e8f4723d5aacb1e52,378.6043701171875,464.91790771484375,731.789794921875,755.4010620117188,0.0027468723710626364
1bffe6caf3de56fc4ffcf7ce4176e757,434.2898864746094,554.5174560546875,781.2130126953125,676.063720703125,0.004263780079782009
1c04f08e163f0fdb38461013b2f6f9b9,342.8294372558594,580.7872314453125,778.0050048828125,744.3052978515625,0.7613392472267151
1c0edcab874f51772ec86ac6405a0a69,362.2076416015625,657.9945678710938,744.1624755859375,833.0025024414062,0.00017910241149365902
1c146ccd983da39b62f2e2d9857e8d2a,391.5426025390625,568.5648803710938,722.6259765625,662.1348266601562,0.005514577496796846
1c23c0b48f19721b171febe638673eec,443.9202880859375,566.4635009765625,790.437255859375,710.5052490234375,0.00018941574671771377
1c2898a294e3a212280feeac16396e7c,392.6748962402344,607.6176147460938,735.7762451171875,738.0763549804688,0.0006194279412738979
1c41827efd6e236f8b05c6524f1a43c3,426.40667724609375,527.697509765625,764.2922973632812,632.3515625,0.007200189866125584
1ca15cd9835324d8a30bd20544a9cab8,362.628662109375,539.5963134765625,736.9835205078125,733.404296875,0.011988556012511253
1ca5675a7a3042ccb0334a42d14d145f,494.4549865722656,569.1300048828125,795.0567626953125,720.1390380859375,0.007094315253198147
1cc1ed63475e99d32f1884762955effc,414.93359375,507.427978515625,813.55859375,649.600341796875,0.6459814310073853
1ccc9029a1f9a8cb57a4913a7c239acc,442.52862548828125,620.9686279296875,741.8274536132812,772.5247802734375,0.00010607637523207814
1cd859e3b7a6ea36735fa06b03fcbdd7,377.57373046875,579.8399658203125,762.97412109375,733.0003662109375,0.006240783259272575
1d12b94b7acbeadef7d7700b50aa90d4,359.7413635253906,594.8492431640625,775.4622802734375,767.16748046875,0.00010720184945967048
1d1fcf6654f7d727aafae5c5eba5fd7f,420.9954528808594,533.935302734375,762.2310791015625,681.277587890625,0.010564510710537434
1d6476853a2aaaf281c1be2e2584e383,389.0799560546875,623.9283447265625,676.097900390625,769.6099853515625,0.007769806310534477
1da78a23d8738003d24bdeb4a47c07ba,383.7828063964844,544.2584838867188,730.1651611328125,676.0872192382812,0.00017547447350807488
1db20acd44b0e120b91f137a46da1ff6,429.071044921875,513.947265625,807.2890625,638.549560546875,0.0014922474510967731
1deb5e6595022e9cad8cb8fb00863e8f,407.90301513671875,487.18084716796875,748.6193237304688,632.3826293945312,0.15613944828510284
1deeb557e49b03764d434bad3c7bdd35,462.4742431640625,527.7781982421875,796.109375,694.2882080078125,0.039174165576696396
1e2a07154cad985c88bf3668850c3587,404.31195068359375,576.6732788085938,809.4901733398438,781.6906127929688,0.00123627542052418
1e335e2b51bd598406b39b4f3974ea79,370.821044921875,463.6849365234375,808.7652587890625,656.3819580078125,0.00028297919197939336
1e3741152ae10349083bdf40ef01789e,380.35791015625,563.04345703125,768.3460693359375,788.3280029296875,0.00034480897011235356
1e3fadece3c8d4259c2b5a7de61e12ef,474.4390869140625,524.3059692382812,777.601806640625,660.9950561523438,0.008272266946732998
1e4029a54dd47b7223885e14cc0e020f,355.5917053222656,422.87017822265625,815.0108642578125,651.1105346679688,0.6588295698165894
1e41c551c741b13ef41f540a6428058b,387.6417236328125,465.1868896484375,765.22998046875,670.1768798828125,0.4001776874065399
1e56d718a35fc14e4461717c9664c4c2,354.4072570800781,515.5635375976562,789.826416015625,780.2828979492188,0.0006300380919128656
1e5df6a5f0edfdce728581219123811f,338.5442810058594,504.6868896484375,787.2081298828125,819.8616943359375,0.0008235394489020109
1e87b2befde0db02bf14e75e798e4269,400.36492919921875,489.6827087402344,822.7551879882812,762.0181884765625,0.5800240635871887
1eb469f4d7f3c627bd265a57dbbf91b4,418.0794372558594,416.2026672363281,862.3411865234375,643.745849609375,0.636441171169281
1ee597e9da780a7c2e68a78fdaae42fc,406.4806823730469,591.8443603515625,696.0810546875,725.0423583984375,0.0004278875421732664
1fad8a04142b39fb650138dc933334b3,411.08740234375,640.35791015625,753.8687744140625,781.454345703125,0.006421837955713272
1fae839a73abec3f3d7436fa2bce4630,409.2527770996094,592.0035400390625,769.4822998046875,755.522705078125,0.003274484071880579
1fcc1cd57e0ce38aa0b72b3a6996015a,391.636474609375,630.993408203125,705.7374267578125,844.0341796875,0.00012309924932196736
1fd9d5d1bb0ce0f60396950f07270c09,347.3905029296875,623.3847045898438,682.1663818359375,754.0432739257812,0.0005898564122617245
1fffff933eea7cb619d35e5ae18920d5,425.06494140625,589.47509765625,788.83544921875,723.94580078125,0.00011790615826612338
20085587273eae1d4ea461ee23b18fe3,650.3662109375,122.83599853515625,873.635009765625,220.1986083984375,0.00670630531385541
2021c6c746096cd28002e71ceb992c69,402.9360046386719,627.68212890625,717.602294921875,813.046142578125,0.002109656808897853
202dc97c4b3ec7e50f4813456938500a,386.955810546875,498.7684631347656,750.115966796875,659.1385498046875,0.5181671380996704
203e51fe440b4468f4142d795d381cb4,457.8719482421875,563.2511596679688,742.382080078125,677.4400024414062,0.0002398313517915085
204c690fdc9b400342f9b5a271523bfe,443.2270202636719,560.9888916015625,787.421875,689.8648681640625,0.17407958209514618
2051a04c05ac229fd9a1f16a4a493f64,409.4758605957031,478.8526916503906,768.537109375,631.3714599609375,0.7833684682846069
20a92721508c6b74dac74143d3221152,420.39727783203125,640.342041015625,797.4164428710938,871.2655029296875,0.00011903176346095279
20adb39b3684a4a5315c6c07c11f6a85,346.0693054199219,533.18603515625,801.797119140625,720.759033203125,0.00161370646674186
20b35d7ea287071b586c37690162b556,476.6496276855469,544.8458251953125,831.153564453125,654.7523193359375,0.0670880451798439
20c2fc9d1babf3f47d4bf2e2d4fa0d2c,348.93902587890625,390.1607666015625,772.8574829101562,764.5576171875,0.0010828410740941763
20d208807c641afba1698d8f35aa8713,399.6759033203125,642.65576171875,799.47314453125,802.639404296875,0.010572683066129684
2127bbf73b1d0f150ca12bfa5ca2b91d,388.09381103515625,532.6353759765625,872.1721801757812,838.6434326171875,0.014446216635406017
212dc39b6ba6941b034c2cd92cf97a8d,415.4139404296875,538.9066162109375,743.361572265625,657.504638671875,0.01272745244204998
21764c704337db3cee5beb063a7f84f8,330.90032958984375,411.5958557128906,731.2545776367188,628.4154052734375,0.18457932770252228
218e819ed8c0fe25c92ee7f1d5b993c7,133.77357482910156,0.5750732421875,388.7064208984375,42.97377014160156,0.0028060819022357464
21adda7cffdfc008f99e15f8608f389e,333.9801025390625,520.4002075195312,803.757568359375,775.4662475585938,0.00022481384803541005
21ef0a13b87ffc2026f003dbb27f8b68,401.76739501953125,496.56243896484375,769.2623901367188,638.2713012695312,0.09130103141069412
21f45752082fdc5ce1cb3fb413b1b3de,322.9262390136719,417.19964599609375,815.702880859375,629.1065063476562,0.845156729221344
2214888f670a14cfa4f4e7223e814b40,357.29266357421875,584.645263671875,729.6375122070312,766.9462890625,0.0005550670903176069
2218a9269d253e672bbf6dbe8da48f8f,314.7725830078125,449.8626403808594,754.03955078125,814.2108154296875,0.001285945880226791
2220f4ec338e6fa4f139d9b91aca9da3,382.388427734375,493.59100341796875,704.9503173828125,637.5503540039062,0.00021115204435773194
222d99d554686c4ab478f830fa25028e,399.34442138671875,505.56231689453125,768.0492553710938,636.6272583007812,0.007243604864925146
22470824d6539f5aae6f5df896e49630,365.02960205078125,518.849365234375,729.8735961914062,727.417724609375,0.0004477479960769415
22477897ac65a32a47a81707bd7a3a25,434.688232421875,531.7236328125,790.25048828125,657.0035400390625,0.048826590180397034
225590024026b2900f745a21e5f86e45,380.9439392089844,487.9786682128906,791.8934326171875,703.6253662109375,0.0002725298108998686
225792d8531c9bee52c674cc975f689d,329.5706787109375,555.4622192382812,756.617919921875,792.6122436523438,0.0001258488919120282
225ee6b33560f3903d0427ea721e0690,141.43984985351562,256.2110595703125,322.05743408203125,366.6590576171875,0.0002729997504502535
225fa92b59afa8d1e96a9b3a5291aaaf,369.2911376953125,587.453369140625,800.890869140625,767.3583984375,0.0007693949155509472
22e777d8cb8506360407e800070e6ed4,411.539306640625,382.32476806640625,802.8590087890625,685.8978881835938,0.004912435542792082
230ced5935d8f83f1b9f52bb95059263,352.662109375,609.3505859375,880.802001953125,816.7130126953125,0.014651835896074772
232e100235a5357cf19c135892af7d83,414.693603515625,586.3649291992188,763.2421875,758.8396606445312,0.00012614636216312647
234c0ca0777f8614476112bc7412caa5,170.78152465820312,213.13308715820312,384.0738830566406,322.7024230957031,0.0002824468247126788
235d5a43e07233fa0117ed8a185c06bf,435.38458251953125,547.5912475585938,792.8506469726562,681.4717407226562,0.0022468999959528446
2362bae8a9b107f454ce8bcb5dd80180,448.0374450683594,325.2825927734375,608.1204833984375,416.8616943359375,0.00010558299982221797
24151df5b3919093e2c97bc6647260fb,332.5353088378906,499.031982421875,782.9578857421875,697.474853515625,0.6321806907653809
24263689acdde18b84fc1f464c908ccf,423.4037780761719,564.1802978515625,741.4658203125,704.681396484375,0.00021538411965593696
242e05a5782d6682a43999a2e21096e6,350.7169189453125,488.66888427734375,803.3753662109375,756.9537963867188,0.0014193347888067365
24671577f584d6b49ad97e5d49321fa5,376.1685485839844,527.98876953125,789.7249755859375,686.19580078125,0.0001889427803689614
247d4f43ebb5cef2dec03ec8afaff90a,420.0887451171875,559.4800415039062,766.80517578125,705.7946166992188,0.011745392344892025
24bc34d29332c13d3cf82c783d92d8ad,386.15081787109375,463.4429931640625,741.9481811523438,595.6126708984375,0.6879583597183228
24d7e092a75fbc3f8756a6785a4d97c6,429.89239501953125,537.5540771484375,794.1505737304688,716.7318115234375,0.007420617621392012
24dc9a75eac9086166bd3ea01ae2cd2c,415.39483642578125,491.79754638671875,750.3904418945312,619.2268676757812,0.0006088852533139288
253feb1e5d47eb3543d0cd0b072df5e5,390.6453552246094,507.90203857421875,783.7269287109375,641.0718383789062,0.004160720389336348
2578863f0f367acbce6b260b31470ff1,409.7215881347656,538.538330078125,801.0611572265625,706.3782958984375,0.007126157637685537
25aec56a720623274a5d51c6faa764b4,353.61468505859375,0.44876861572265625,512.7987670898438,27.108776092529297,0.00011644236656138673
25d536e3c96e22c7c258d2ed859c304a,387.7204284667969,461.89111328125,807.4462890625,728.0462646484375,0.0004207362071610987
25e40d94f13653fcd2b829c45cb18e3f,377.224853515625,645.9759521484375,854.0006103515625,764.470703125,0.005257486831396818
25e8a01e7de94f8874d34b9afdd593c5,408.4918518066406,553.359619140625,774.1502685546875,666.305908203125,0.015169610269367695
25f92d35866a758f4175812fe3f7f47c,508.4826965332031,228.62619018554688,642.1064453125,345.0713806152344,0.00010933099110843614
262f42441f1d7479e741f624becd54cb,364.50677490234375,639.2638549804688,655.5553588867188,742.1631469726562,0.00014841997472103685
2634fcd5139b26569a4d3ad23ee1beb9,362.5655212402344,562.3055419921875,746.1583251953125,855.0579833984375,0.023208731785416603
269af0bfa0e3246aa7b7330a3c510030,358.6835632324219,501.1180419921875,736.129150390625,718.4342041015625,0.16706135869026184
26a5285339df294ce288663b092c23c3,395.0908508300781,503.7008056640625,830.406494140625,821.431396484375,0.0032666714396327734
26b335d3fb7b871bc7714c05421de9a5,493.20111083984375,314.3589172363281,625.0188598632812,393.9690856933594,0.00016651871555950493
26ca88b5b40079f5627ef686bcc945fe,269.1357421875,541.0231323242188,867.0216064453125,821.0192260742188,0.039635710418224335
26ec05d5a77e04dac78841fcab729d17,371.561279296875,471.27703857421875,738.52978515625,615.3302612304688,0.671254575252533
26fa2f95e008965bec79eddf40220618,365.8773498535156,552.150146484375,783.2432861328125,726.45458984375,0.0001236153912032023
271290de7e7e4fb8aa1c31327f48f4b5,447.3659973144531,579.18701171875,795.354736328125,785.6358642578125,0.00018775355420075357
2719b0f265ede38083eb9558a9b325dc,340.6575622558594,580.6529541015625,730.9486083984375,804.679931640625,0.005588406231254339
271a21b7999e4bf82fb94c8ed51c9e45,406.01025390625,484.613525390625,771.284912109375,644.3560791015625,0.0010439696488901973
2764d6e99a99ac47b4a534511fad4db4,233.9541015625,552.30615234375,856.936767578125,795.131103515625,0.2572348415851593
27660605ca5cdffc3a99e9f2f167b1ff,416.52337646484375,444.54931640625,763.5504760742188,574.1976318359375,0.631690263748169
2790d36fa3cd4d3fa05229d1c693d499,370.5927429199219,587.608642578125,731.863525390625,795.8988037109375,0.0004432332352735102
27a6da23941b4f586a6812b2d26e61dd,384.9114685058594,662.0287475585938,690.2501220703125,786.7515258789062,0.013246677815914154
27ab751530d2e92cd18dd82d47ac22d8,417.0263977050781,544.0086669921875,779.31689453125,706.9906005859375,0.03765593469142914
27d34a0e721626ef60aeb17cb39e8196,272.26025390625,564.3932495117188,678.7973022460938,786.9839477539062,0.34174931049346924
27dd187f50de71108de3de2bfa52698c,448.88848876953125,637.0739135742188,770.5116577148438,786.8418579101562,0.0033449886832386255
281079184d33bc81f9f6ced4771ae746,407.6136474609375,551.930419921875,736.8848876953125,698.8544921875,0.06496582180261612
28119d05971cf37e7709c53a5e45c3a8,171.02012634277344,25.447235107421875,487.1268310546875,388.9368591308594,0.0006735309725627303
2829ec7e67ae926ce846f71c05b08440,411.79638671875,600.4306640625,712.6005859375,720.34619140625,0.0008431089809164405
282dc34d270eccc44a61901afbd4791d,374.8044738769531,462.6553955078125,741.884033203125,712.3497314453125,0.00042522192234173417
28381c8323917ac88d571e1213a2d382,429.765625,552.1566772460938,722.9210205078125,670.7221069335938,0.002311470452696085
285becd123b1dd66f5ce5e51bce073a4,422.5958251953125,543.662841796875,908.967529296875,819.9534912109375,0.0002611801028251648
287422bed1d9d153387361889619abed,332.9970703125,435.8205871582031,761.857666015625,623.23095703125,0.63346928358078
28d11d6696649471d0af4e67f7126299,383.9268798828125,654.9451904296875,700.985595703125,780.2598876953125,0.043689653277397156
28da626e8fb2241c3799343618b7b509,797.684326171875,211.67453002929688,1024.0,325.9530334472656,0.001276650233194232
28e90b2f52b47a0b0398cd6e47abaa0b,377.21014404296875,549.8843994140625,759.9981079101562,798.0816650390625,0.0005145765608176589
28f7374deb70d29031f3c87afa518c68,348.6311340332031,434.47509765625,714.844482421875,607.4725341796875,0.22656181454658508
2905c37bac1498f5d07b55ecd83bca43,454.8916931152344,492.24957275390625,821.3331298828125,687.3484497070312,0.00635670917108655
2936cdce12dc87bb180caac13060ac5f,352.4939270019531,525.2716064453125,817.7578125,703.9158935546875,0.00040590178105048835
293c5203bc1aa6aed90bed875b06dda8,403.3123779296875,522.6591186523438,757.5093994140625,659.8352661132812,0.12781283259391785
293df7b3db7c3d58656e9169abffce81,377.7911376953125,596.5784912109375,775.0916748046875,729.9107666015625,0.009428702294826508
294caa9ce5e9775c2ef2e3a256927584,369.9465637207031,460.7010803222656,825.0830078125,690.7335205078125,0.5456870198249817
2979cd224774fef9c95a43c4f1e8e721,429.79638671875,557.2081298828125,774.68505859375,695.5328369140625,0.04188194125890732
2988971976e06066ddc6934ec6f29aa3,344.17523193359375,622.713623046875,777.3607788085938,862.01708984375,0.000884577224496752
298ba40fdf4ed6ad85ffd10748e805df,409.43035888671875,442.49078369140625,674.9269409179688,573.5967407226562,0.00019128990243189037
299a26bc4cc1680b6d22047a5a7aca2a,450.9856872558594,505.15386962890625,759.6231689453125,640.2876586914062,0.000894986093044281
29a257cdeae837a1a080c969b40150a3,356.6720275878906,512.9383544921875,732.5220947265625,715.3509521484375,0.10584751516580582
29b9c96e5b2af75325cad69a8ddab7c7,421.690185546875,556.857177734375,758.851806640625,706.198486328125,0.4870469272136688
29d5ed367182f9edefd323fc97f0edd6,397.6905517578125,536.3037109375,724.212158203125,678.923095703125,0.0010234240908175707
29fc11e345d3a084f33fda5c43686076,390.2136535644531,497.8134765625,759.021728515625,693.374755859375,0.7502977252006531
2a1bf9e93ae38f5c230e5deed9db4182,409.2496032714844,571.8713989257812,747.7696533203125,801.4776000976562,0.00022973593149799854
2a3e22dea097a54f357d2634ca9837a1,309.061279296875,603.37060546875,800.5023193359375,814.88134765625,0.0001315538538619876
2a48953e401d5a9375966491758310a0,389.2379455566406,514.174560546875,774.4517822265625,639.2620849609375,0.002342395717278123
2a59884092b4774790654f357628cd77,362.06011962890625,367.44891357421875,772.1901245117188,528.3690185546875,0.2246440052986145
2a7272f9551b1b6248aba470735154aa,405.7106018066406,608.8709716796875,789.1136474609375,787.412109375,0.04385632276535034
2a80feb480fa5f90a50fdd5e2e89833c,483.8415222167969,264.870849609375,666.59130859375,423.9307861328125,0.00013977661728858948
2aa1314e73226a5551d4e27f4925c967,488.55517578125,460.86138916015625,866.8626708984375,611.3585815429688,0.3442781865596771
2aa621807bfa78b2fc36c1ca34962f1c,356.8037414550781,425.34136962890625,767.310302734375,658.0620727539062,0.002298601670190692
2af8fdf7c60bd75e480f5d992841a301,379.2822570800781,474.6441650390625,728.62158203125,642.9815673828125,0.0017111891647800803
2b004c4cb35e703a7b28d5f3d80ac310,383.0852966308594,522.1904296875,703.9903564453125,757.7672119140625,0.0008112762589007616
2b096376f5a0f62d10847e5d6f540a41,424.466796875,629.9405517578125,753.767333984375,748.1202392578125,0.0010488019324839115
2b2810284313c5547241b38668f67b2c,368.9855651855469,614.8366088867188,669.559814453125,725.4904174804688,0.11962906271219254
2b363efe261baca45b7b1033e1a6b7f1,376.747314453125,430.6541748046875,793.3912353515625,590.6155395507812,0.5088707208633423
2ba3fde405e8f849abba2c8e87857626,378.8053283691406,442.98553466796875,797.9293212890625,672.6657104492188,0.08558794856071472
2ba6db6ed664e2aacd6e274edb609ec1,325.77264404296875,645.638427734375,651.0018920898438,762.438232421875,0.01252538338303566
2bcbfb940309bc9a3d7cce3378cc877c,326.2301025390625,512.380126953125,823.9437255859375,724.79443359375,0.7671710848808289
2bcf36484564a6ba7a1bda9c7ae96087,415.087158203125,521.8438110351562,738.85888671875,642.9679565429688,0.0011702724732458591
2c46afc6145ab7743ca9828389a4d892,391.717041015625,643.595703125,853.3016357421875,823.346923828125,0.6484810709953308
2c779143ede5ab9248e40bd83d6b72bf,485.0927429199219,537.695068359375,849.27978515625,739.3677978515625,0.0003100099565926939
2c833f17b079546235157db9e70304ef,428.11651611328125,628.11279296875,754.1879272460938,812.70166015625,0.01427434291690588
2cad63ccbc654b82534ba31070301835,371.09722900390625,475.5107421875,697.4945678710938,599.466796875,0.7101216316223145
2cbbb0c958dbc2f4d15171d1fc11ba2a,460.73126220703125,508.42303466796875,739.8583374023438,635.2925415039062,0.00017130312335211784
2ce9d73f2f2b9809f54f5ced22abb25e,667.6054077148438,1014.2625732421875,812.4884643554688,1024.0,0.00012523178884293884
2d2bf2587e5341d8e4ae9c24150efdd9,402.21307373046875,511.89398193359375,813.4308471679688,655.7571411132812,0.04648783430457115
2d4a0f76c837262f10a610d8b9c69e5f,409.7994689941406,402.7208251953125,649.3341064453125,495.57666015625,0.0006012858357280493
2d746a6e9c35faa63f915f17405a7620,372.4496154785156,589.0205688476562,807.0687255859375,820.7329711914062,0.044813212007284164
2da8f014c4422d4cd59c05ff4518ae1b,380.9490051269531,552.3887939453125,774.329345703125,701.0758056640625,0.5865671038627625
2df0a695053bb26243095e62b3c2cf2c,444.33795166015625,445.43115234375,746.8062133789062,568.900390625,0.014843860641121864
2df2669e9b045feb28e5bf4b585f8d2c,406.0821533203125,447.05029296875,817.657958984375,613.8233642578125,0.19279558956623077
2e2f4e832dc3bd12ddd8d405cbf7fdf5,400.404052734375,583.7965087890625,743.736572265625,711.1119384765625,0.08811338990926743
2e585169bb0b0f7f6e4875b517f87259,376.00909423828125,607.378662109375,723.7670288085938,770.40087890625,0.010556529276072979
2e72c2566be0f82a09336a05d58499af,414.3199157714844,579.22607421875,785.9859619140625,839.880615234375,0.00017114036018028855
2e73e92e0c1d60ebb2d9a342dd73c277,465.838134765625,545.1240234375,833.8369140625,680.8377685546875,0.013855742290616035
2eae70b57d68947a20d6d0cc8f9f2e58,386.2533264160156,582.4576416015625,771.1766357421875,840.4287109375,0.0005510805058293045
2ed178b03fe6156fa3f4985d16620094,449.5295104980469,468.4536437988281,712.982177734375,594.25146484375,0.000273850338999182
2edfac59a792f8bf27a0d5beead24c27,407.51513671875,549.2327880859375,774.5067138671875,702.5792236328125,0.013551583513617516
2f2f368d580b179c65b6ad42f4d529f8,416.3751220703125,621.6475830078125,828.6483154296875,773.9649658203125,0.6196452975273132
2f3821fa3729d0814a5dc4890261fa51,403.19061279296875,435.92303466796875,805.4028930664062,622.8992309570312,0.7472071647644043
2f49fa57375e32c9d69f8205bd5b0a96,378.06109619140625,538.48583984375,770.2180786132812,800.244384765625,0.00048025647993199527
2f629036ede0886b8a4eef89f6526fc6,459.4863586425781,432.7288818359375,752.950439453125,558.090576171875,0.0015110293170437217
2f775125346cd62232d8e835794941c0,357.3492126464844,667.9561767578125,698.6256103515625,826.3511962890625,0.00015415730013046414
2f8f4f988fd84809caf191477ebc05db,355.45751953125,508.973388671875,829.008056640625,780.4527587890625,0.01569041796028614
2f977e3238400bf52f146ed0eb3a57c1,391.2808837890625,415.3592529296875,739.0023193359375,550.1741943359375,0.01620553992688656
2fb8c4094b8bd6943407a071dfe6c73d,333.2222595214844,522.661865234375,726.4202880859375,664.734130859375,0.708763599395752
2fcfb42d501dd9e3ca9fb94b532cf4de,414.6857604980469,549.6054077148438,856.340087890625,718.8745727539062,0.007283062674105167
2fdc77728d36fdc8506d65520d2aa0d3,371.4551696777344,446.10308837890625,808.0323486328125,643.6791381835938,0.2460884153842926
2ff406f25425c2066fb57e7e534d1c90,393.3511962890625,605.5191650390625,705.9405517578125,731.1876220703125,0.00016452584532089531
3019aec706bd013e1e3348564fbfd086,427.8258056640625,639.0408325195312,724.181396484375,782.6967163085938,0.0017946894513443112
3020abca19e8fa4bba62fe583f07050d,382.42376708984375,681.228759765625,738.2290649414062,896.774658203125,0.022212866693735123
3037b4ac894bd448153d3da7b700f79f,441.68817138671875,461.5467529296875,741.4467163085938,572.4705810546875,0.726356565952301
30475d6d6e3d67d52fc9a1f568eb81e5,361.71563720703125,468.2337951660156,743.9041137695312,664.7335205078125,0.0002711760753300041
3075ea62bfa39a295cbf419b9248401b,425.7284851074219,440.37200927734375,778.810546875,593.9386596679688,0.026525579392910004
3097b40e5fe9ed1c66ef81dd98ecefec,383.73193359375,422.56195068359375,805.3336181640625,730.2240600585938,0.01032534521073103
309ea022e7179851582a662b97ca9ce4,385.5850830078125,598.2371215820312,795.91455078125,838.7815551757812,0.3555656671524048
30e41da3ce3686e6e105c8358aed4445,190.17034912109375,236.94869995117188,407.67138671875,345.9633483886719,0.00010052997095044702
31043d30ee29726c185d655800f025ec,438.0466613769531,469.9862060546875,709.198486328125,603.0032958984375,0.0006192641449160874
31109259018ccc4aefbc2083a608f032,417.9958190917969,578.6295166015625,786.927001953125,698.7279052734375,0.006837770808488131
311301e3ac19b4b8eda85672e625b2e8,398.6721496582031,641.5606079101562,852.701171875,823.2330932617188,0.00020587445760611445
31446c7e7cae2f7aac75a2a922643474,394.16473388671875,544.111328125,694.7813110351562,656.6240234375,0.00014511578774545342
3185bd3972ec4bc6029fbfe00af919f0,347.3836669921875,571.7410888671875,728.763916015625,731.6209716796875,0.0007889828411862254
31b4de538dd6272b05e295142c5ccc2a,408.34136962890625,522.7332763671875,730.1751098632812,645.7203369140625,0.732968270778656
31ccf1b8a9992b055d0d26043eea3c30,105.6658935546875,250.42869567871094,691.53662109375,568.3338623046875,0.0015132870757952332
3210943635d98be46b4864dc5fae5079,200.68788146972656,212.35494995117188,420.9537353515625,314.4239196777344,0.00046457292046397924
3243c41d5e3fb5e6b0ea0f3092adaca5,411.7427978515625,475.13037109375,738.2989501953125,590.867431640625,0.0003760866238735616
325fa15bdeaf8dfe6cf63a82fad30228,388.1097106933594,360.77239990234375,764.2308349609375,620.1026611328125,0.03190939873456955
3274df5c70fba85244fd07f57dd95e3e,386.43707275390625,569.9322509765625,705.6737670898438,699.3896484375,0.0005306819803081453
327f8c6c13ad1a6efefd78409c9f2191,371.8477783203125,583.5067749023438,784.74658203125,827.9290161132812,0.00046071241376921535
3297d4a571f2259e8699427999a79121,398.4366455078125,627.5301513671875,882.2298583984375,829.1602783203125,0.6306381225585938
32b33ed354f4f86cec0a90e53f584d58,407.465576171875,624.282470703125,740.53369140625,745.04052734375,0.0012870761565864086
32ce0ed98d68f9ed492aa9cdbe8a11fe,348.61279296875,462.7083435058594,670.5439453125,604.7215576171875,0.6710140109062195
32d6ac0696adc1f9c50d689a97925cf2,390.4371337890625,473.39715576171875,766.9478759765625,585.4669799804688,0.024704506620764732
32f991e64870da55f30028f559545973,414.85552978515625,673.4510498046875,757.7933959960938,812.660888671875,0.000660673133097589
330c8fe642a041f281f7e7cad8ac2f7c,410.6039733886719,651.0762939453125,737.73974609375,789.7530517578125,0.0026973255444318056
3313b32f4a3d416440ef4509591ecc68,405.75421142578125,491.54486083984375,719.9555053710938,598.1983032226562,0.0025737760588526726
331d6f73321a73102327f7cff11ec842,410.2674560546875,527.4176635742188,801.7454833984375,655.8035278320312,0.10378971695899963
331dd7060c9d960473535fdd82355bb0,352.8972473144531,419.5939636230469,704.42578125,687.387939453125,0.02329845540225506
33218cf183c1224a74ccfb514e827e15,374.9206237792969,500.25201416015625,780.47216796875,654.0292358398438,0.00905816163867712
33710a9edd291057f356433bcb50a632,452.4217834472656,244.54104614257812,626.8643798828125,362.9787292480469,0.00035999721148982644
33c4b9d23a829868e1418362e4d94500,397.1407165527344,478.3376770019531,756.5994873046875,679.714111328125,0.0024086700286716223
33d6c3efe631dbef8424df136efa9412,364.63671875,461.42840576171875,702.701171875,561.4793701171875,0.006393359508365393
33e9093de7567d13466efefda65aa682,443.951171875,525.4068603515625,753.324462890625,644.9747314453125,0.006333986297249794
33ea04bbc65df11ddd004fbabc94b193,328.33087158203125,505.62469482421875,729.1793823242188,719.8966674804688,0.8146418333053589
33fb234fc2ad20c92d1a556d7c3eb916,380.589111328125,475.42742919921875,729.4981689453125,638.8316040039062,0.052179716527462006
341f942a70c16113f7b1c93c9ca9afb1,368.8309020996094,546.0654907226562,784.7034912109375,773.7925415039062,0.0007589075830765069
342ac977b5591f53b37f9fcce27bfa2c,394.8495178222656,470.82275390625,852.4564208984375,739.3424072265625,0.519929826259613
342f1081f906354b4cca70450b27d32a,374.3580322265625,462.3468017578125,763.639892578125,670.0198974609375,0.0002871794276870787
35140570aec20f94b22429d00dc142e9,461.4807434082031,627.5169067382812,796.361328125,745.4570922851562,0.0006457889685407281
352ec28500e57fa5c87183f1eb83ffa0,402.0603332519531,590.294677734375,754.960693359375,739.3515625,0.00023106319713406265
3533a82817c5bba65a24f2799679fb50,397.8634033203125,575.334716796875,800.903076171875,724.42333984375,0.0010589583544060588
353d7e4d7a4434ce27c7de1cd151423b,474.0724182128906,485.61328125,809.7315673828125,625.22412109375,0.007435288280248642
3540f15d1d45917683cfc818416099ab,356.531494140625,560.9293212890625,802.2796630859375,800.3470458984375,0.03692488372325897
3600f42e5ab24a48e561618b5ecc125e,386.0781555175781,488.74267578125,709.272705078125,630.097412109375,0.12774746119976044
360dbf51ef9e2c43f06cf3a853dffa3c,380.1281433105469,480.2596130371094,728.380615234375,607.3236083984375,0.18215003609657288
366fb4e84d6940ea74267b32edbd1311,402.8246154785156,486.0571594238281,768.9554443359375,590.0791015625,0.023361973464488983
367d407eeafceb8dd55ee11f7e52b3d7,386.9378967285156,507.7084045410156,804.1104736328125,690.1666259765625,0.0011543571017682552
3685798c0a54f17473262707013b594f,324.4346923828125,621.4927978515625,758.4700927734375,797.1026611328125,0.0007747174240648746
36a77e1a171a23bfd214fe07fc90ea2b,347.070556640625,534.2911376953125,728.3858642578125,753.8062744140625,0.002654238371178508
36aec3c16185942a4925ed5f272156b1,394.3948974609375,467.75506591796875,765.453857421875,684.5242309570312,0.39390304684638977
36b6cdc7fa471226b319816a0935d9a3,377.30389404296875,544.59521484375,833.2730102539062,809.35986328125,0.00017606861365493387
36b6d2736b8b2ec5e60686e06a7199f8,370.9080810546875,502.7337646484375,715.8179931640625,623.2454833984375,0.6239376664161682
36cb07063dd0f4f649e5f478d3ec2c72,451.5435485839844,509.79541015625,768.6971435546875,687.843994140625,0.003275980008766055
36eaf06f68d1f5eb34e2247a5ffabdb6,413.81561279296875,594.8192138671875,679.3803100585938,696.3973388671875,0.0006382439169101417
36fc763ac49338f190eeb00404783331,277.54522705078125,465.91070556640625,834.2817993164062,680.8695678710938,0.02272314764559269
375230098adb78e73b6d162c9e30acd6,650.7379150390625,21.14453125,1024.0,313.26080322265625,0.00012175033043604344
378c5843d109c9f0bd82baa85b15dac8,380.12042236328125,454.827392578125,708.2737426757812,695.47021484375,0.0009430938516743481
379350d6cca599b6a09c5387c9160aad,441.59326171875,698.1273193359375,757.7265625,894.4234619140625,0.001583186094649136
37bf1c43895b0e72e6e6c4de3040bfeb,383.49615478515625,530.5001220703125,789.1270141601562,706.6785888671875,0.018265346065163612
37c489f4e9b80a82bfec581082e14dd2,462.12957763671875,217.7714080810547,613.3025512695312,370.44989013671875,0.00010925543756457046
37e7deb1b1895f2d2648781e426a3460,349.3752746582031,585.1376953125,774.039794921875,811.392578125,0.013010530732572079
3826548c8fedb944bee4f6eaa5c2090e,401.9604797363281,591.3482666015625,720.5146484375,754.936767578125,0.001753585645928979
384ee8c20076c44adbe60bfe7e805869,299.65655517578125,519.286376953125,763.3289184570312,752.2110595703125,0.0005810445873066783
3857dfdfba3a8a401121776389818b72,408.9010009765625,569.092041015625,788.77197265625,731.4293212890625,0.052926745265722275
3873c2297c6f237f67defb7ef1243a3a,409.6164855957031,511.46014404296875,726.135986328125,668.6570434570312,0.0016540091019123793
38ca9de33c512c71aa3094a151dd5368,370.796875,617.041748046875,700.3800048828125,724.69091796875,0.0007871977286413312
38d2d9277b7de0d843bb1b283e6814e9,499.7470703125,381.2587890625,608.6239013671875,486.66827392578125,0.00020654335094150156
38fc380de74d2102e2087e7ba889fd44,410.29754638671875,569.5517578125,745.8876342773438,685.7900390625,0.006237504538148642
39077a997b195cfedd2287c9e9476b38,466.1462707519531,498.1287841796875,785.5888671875,614.248291015625,0.7443104386329651
395f2f015b69bcf2e58fcba55ecb6793,395.5777587890625,471.8616943359375,665.2991943359375,626.018310546875,0.0008853289182297885
3975d9bd8377d6cbf2fa92ca2efcfc39,437.3875732421875,593.8157958984375,765.555908203125,776.7132568359375,0.004507511388510466
3980fbd0f4f131b672d5dac9b4b044a0,379.3394775390625,558.9326171875,722.9366455078125,681.5546875,0.0003241616359446198
39949d5d2d8855e391b87d8a932b5aaf,374.1236572265625,690.9195556640625,711.4044189453125,810.2152099609375,0.00012866375618614256
39bd0688c096acd60756fc1a7ea39c3b,397.0510559082031,589.5614013671875,745.11083984375,739.1702880859375,0.00017323545762337744
39c1050099b63c29f6140e4eea23f8af,382.19207763671875,580.4420166015625,728.0309448242188,690.9141845703125,0.002333169337362051
39c48b218f46e9448e1f877de440faec,349.73785400390625,464.25836181640625,709.5610961914062,750.4155883789062,0.001039853785187006
39d9ea42feb3af75ef0ea3dd91e7e1f5,366.81219482421875,422.62408447265625,740.1785278320312,626.5486450195312,0.0003841510624624789
39ec5d4083b0ece455f7e87381bbc0a1,454.0271301269531,609.5289306640625,800.3818359375,826.9674072265625,0.0037698703818023205
3a0135174fe1bec08b8318fba4aa951c,382.5408935546875,551.429443359375,800.526611328125,847.00732421875,0.0037267014849931
3a14159e53495689a8b21a371aa54ef7,417.3809814453125,463.34521484375,712.86279296875,572.1007080078125,0.00011586629261728376
3a443e2a67c5b0956e461a7fb853bf9e,0.12030029296875,0.0,390.1055908203125,268.83599853515625,0.00019160697411280125
3a515d9ba5419a9f35dc382017d5e98e,425.9102783203125,553.979248046875,719.040771484375,713.40185546875,0.0005007146974094212
3aa53ed6b890f65e41d2d359912626dd,386.58929443359375,651.39208984375,772.8132934570312,847.280029296875,0.0023101894184947014
3aaaa45a86fd160e7c9907b98b8b6c79,385.1611022949219,541.9227294921875,745.29248046875,673.8438720703125,0.5654205679893494
3aaefe9e6128e0b34d206e0c86ef3e9c,288.5439758300781,493.6817932128906,899.4755859375,804.8316650390625,0.5427688956260681
3ad9881c5d75a15454c6c9336362fd46,418.91326904296875,591.3013916015625,736.6978149414062,699.3692626953125,0.0006976191070862114
3b5957a38160102563037a3769a383be,324.652587890625,450.23455810546875,851.673828125,769.4590454101562,0.5031991004943848
3b68bc60f5353a7f3a8c30a99ed5cc3f,413.3138427734375,666.6258544921875,750.185302734375,773.421142578125,0.00023263604089152068
3b74377f53c13dcfcb252294fbc70dde,406.36260986328125,470.784912109375,810.0211791992188,608.1630859375,0.27104467153549194
3bbdbcb655e1cedc451d96b4ab3cf4e0,353.8868103027344,496.97869873046875,753.5699462890625,636.6298217773438,0.7198399305343628
3bde9f07f146da27d795709456f6ab17,404.22613525390625,553.6273193359375,795.7973022460938,783.4891357421875,0.00013210797624196857
3beb39b65b26ffb9b93e9f12dd5f07d0,408.9144287109375,442.8106689453125,702.4466552734375,578.2595825195312,0.00014591739454772323
3c22b17493566a9bca5ac33f0cd0b42f,345.437255859375,502.2180480957031,821.828369140625,735.038818359375,0.027528420090675354
3c2cf7dee8ad4b5b2921c65cc2524ce6,439.8818054199219,489.3951416015625,764.271484375,617.74169921875,0.4143081307411194
3c40a353f341731f92fbfe963242e4e7,421.3384094238281,490.1219787597656,772.73388671875,649.1422119140625,0.0014396733604371548
3c4375177b66fa5e8914d22b1556dd48,448.797119140625,504.5513610839844,737.078857421875,603.5394287109375,0.00019402714679017663
3c507def3894eeaba8be81a1e2cf1f38,449.7374267578125,512.6612548828125,865.54931640625,696.8338623046875,0.547899603843689
3c620ca6be5c87ad9f167e85b43defc2,335.5462341308594,431.16644287109375,786.3963623046875,705.7116088867188,0.0002405816048849374
3c6f70f56258cad13d74e7f17da1c7c5,414.1251525878906,516.82470703125,746.0025634765625,659.67578125,0.0025939999613910913
3c8a5906888ab86560daf594daf3b3c2,452.18353271484375,452.20037841796875,778.0597534179688,612.1986694335938,0.00029843379161320627
3c948bc922d30f6c7ed39df29f5cd989,416.8751220703125,531.228271484375,738.7100830078125,697.632568359375,0.003406322095543146
3ca907c03b1409d8a703591f6ca7882e,387.2696838378906,496.48486328125,765.3345947265625,737.16357421875,0.00041292523383162916
3cb7123b676ed1963d77850bfe185482,417.4246826171875,553.4334716796875,833.89501953125,733.1697998046875,0.00021641814964823425
3cc3637e5b01e1fb105326b58dfc7fa2,406.3412170410156,556.7862548828125,728.7156982421875,678.1058349609375,0.0009302478865720332
3ccbd8fd3eadbf3f0bef8e091a5ea5b5,326.4732971191406,548.2821044921875,840.3343505859375,733.5047607421875,0.0048584179021418095
3cdcf9e3f1b8d011d20f4c1c779851ee,349.51904296875,597.73681640625,736.0369873046875,793.339599609375,0.0010466041276231408
3cfb5f7af41ff012658cb64ebf82e84f,363.7032470703125,478.33880615234375,768.434814453125,657.7140502929688,0.5390349626541138
3cff8dcf3354f5ed794061627d7d24a7,376.69793701171875,517.360595703125,695.9192504882812,637.2119140625,0.0014866237761452794
3d26f5e39259810fb7a332f50bd9d867,430.9119873046875,389.60394287109375,793.14453125,534.8540649414062,0.11272700130939484
3d281a2a2c78f8e0713166ed125a183a,419.7593994140625,529.847900390625,757.50341796875,692.379638671875,0.0013502022484317422
3d31da3e8d49304c7752e3522b0e3a9f,682.634521484375,827.477783203125,831.1796875,922.737060546875,0.001268779393285513
3d4c07ae432d5834781d532d833d75ac,406.2255859375,554.337158203125,795.125732421875,673.0770263671875,0.26948580145835876
3d53b9b699cfec21262399ebd558f2cf,755.1273193359375,824.96875,916.4483642578125,900.489501953125,0.001022735028527677
3d88da32e0b7971e4f1bb1aa684a038a,381.2855224609375,511.8836669921875,744.304931640625,660.1707763671875,0.3394646644592285
3d91a84170a65127a0d998987962dd07,423.53167724609375,615.4796142578125,707.0568237304688,752.0482177734375,0.0001395745639456436
3d92749a082bc9206b4ba07779853e00,397.0821533203125,468.7965087890625,772.662109375,745.4471435546875,0.0006464653415605426
3db61dfe06d558636a4027e6b35ea820,346.0609436035156,492.568603515625,724.3140869140625,703.2176513671875,0.004857906140387058
3dd50dfa4f67ff1c2e0fc6af3c165fa6,374.43865966796875,574.3773803710938,750.4712524414062,725.1843872070312,0.014999141916632652
3e00c13e8222abbd2c177f4d95d6d718,370.6954040527344,490.4356384277344,800.9708251953125,781.2086181640625,0.00597204128280282
3e34595ad37ca0b7b2658b09792c9b04,390.55731201171875,611.0904541015625,792.0553588867188,785.089111328125,0.0006408338085748255
3e41c27c6bd34d990b4b4c33f9920342,408.5709533691406,541.6627807617188,766.9674072265625,652.1936645507812,0.00785913411527872
3e86f7a0078799279f334db4074f109e,381.8726501464844,645.724365234375,686.3472900390625,752.5179443359375,0.0005631697713397443
3ea9f49ba17cbf6865a29bcb8d01b3b6,346.28619384765625,430.13946533203125,744.9428100585938,699.9266967773438,0.0012897526612505317
3edd2755894c91c8ab38a9ef7ddb7985,402.6242980957031,482.1464538574219,697.850341796875,593.6318359375,0.053824931383132935
3eeac231c839fbc52b79514b34330663,371.4143371582031,519.885009765625,820.309326171875,738.807861328125,0.18356524407863617
3ef5a2d445ede454793f144d462faaab,403.0933837890625,695.2608642578125,731.66943359375,832.5260009765625,0.22376155853271484
3f2dcbb885cf38e7b07d29785d81215e,181.87559509277344,216.7344970703125,345.6405029296875,344.064697265625,0.00010554001346463338
3f311e13697f83d41f55f079232fe7ee,439.1535949707031,537.099609375,758.09326171875,712.52880859375,0.00010438609024276957
3f51f6bbad915b2d088bdceea490f3ff,341.058837890625,593.3419189453125,793.0548095703125,845.3192138671875,0.00044351303949952126
3f6fcfdcea0e6450a2c953c1768f0297,409.2214050292969,617.769775390625,707.943115234375,767.07080078125,0.00047410777187906206
3f76b4107e59e33bfded211d2f95d4f4,380.4798583984375,629.304931640625,743.3253173828125,782.8905029296875,0.0003947201184928417
3fc0d536d17610d6811d9c725999e25e,383.173095703125,518.9188232421875,714.288330078125,648.6893310546875,0.00047217204701155424
3fd3c7e4f7012ea21a2f8eba496c6748,420.923095703125,665.0089111328125,825.2109375,832.3409423828125,0.02963116392493248
3fe12c24bee9c864bf65441b49a53d79,380.7269287109375,433.3634033203125,692.4254150390625,554.3955688476562,0.0005111880018375814
3fe3f892de3a3927f933a3d2b20f4ff0,461.6153259277344,544.4661254882812,779.3197021484375,662.8228149414062,0.025699442252516747
3ff458f907610a9eae3130e961a8e3f4,415.7159423828125,625.40283203125,738.3048095703125,730.220947265625,0.003643007017672062
3ffc3654b8342c68038a2249787f87e9,380.5631103515625,452.9951477050781,737.3123779296875,660.603759765625,0.011580047197639942
40393027d73d1c04bb8b5c49044b4526,416.61236572265625,409.51922607421875,819.6896362304688,539.7487182617188,0.5819785594940186
40497da14aafc428210b623fc8445288,363.594970703125,609.46875,845.4686279296875,831.9808349609375,0.5343593955039978
4053e50a3f75691a16343ebf9c7d602d,427.0120849609375,480.11187744140625,706.9110107421875,663.0614624023438,0.07680438458919525
4055ab5787f624b27978cc8e612e09a0,347.0069885253906,463.1590881347656,736.7996826171875,639.6331787109375,0.0011264188215136528
407a0f9b955a811bd3dbb459a8ac7576,404.337646484375,595.036376953125,710.312744140625,728.870849609375,0.0005153516540303826
40b1af8c67e6b4610dd91b5230cb9115,431.24749755859375,423.2862548828125,876.8235473632812,644.73876953125,0.5920320153236389
40b2a81a852f7138879e5d0ba0a7ebc4,447.2667236328125,488.6377868652344,789.0408935546875,617.6204833984375,0.011106039397418499
40e58b0a128f657aec8d842c93ce17de,394.1553955078125,474.2930603027344,690.3848876953125,592.5904541015625,0.0002608177892398089
410d67ef44a7845ca56750960a4b6fed,432.2998962402344,524.9202880859375,712.4285888671875,626.7406005859375,0.0013506768736988306
4112f6a0a3a7509212801f2b3132dfda,467.7510070800781,269.014892578125,656.938232421875,392.74755859375,0.00011719281610567123
41143299da79b12a5a6d8c4456c68aa7,365.0191650390625,463.6111755371094,824.4658203125,711.3594970703125,0.0317758210003376
411760e414f0c79aab25be4a934c49e1,397.24713134765625,525.2471313476562,757.1887817382812,729.9547729492188,0.006012363359332085
4142d115b7a7ce897049a13509e2eb37,396.8129577636719,530.0424194335938,681.880126953125,642.7096557617188,0.00019095222523901612
41e182efd77dc26282b2fffb91ddea9c,364.8697204589844,498.64556884765625,700.8363037109375,617.6465454101562,0.7164950370788574
421efe81b01f6724524502d4337d9435,390.546630859375,469.787109375,741.4150390625,689.083251953125,0.00025649750023148954
4237ca5336f5d9aae908608e00b0ff4b,417.6468811035156,671.3682250976562,720.1070556640625,802.2091674804688,0.0003856646944768727
42480dff233be45d4fdca62069ea267f,355.4884338378906,494.1576232910156,805.5157470703125,786.6185302734375,0.013097348622977734
42866ae76e629e8a612a5898ad377afb,415.2718505859375,513.8757934570312,713.3397216796875,664.0498657226562,0.0007512537413276732
4293c777d8e33cc6d4d6d7f2c72ff43f,483.70355224609375,358.74139404296875,610.9841918945312,470.6199951171875,0.00027494889218360186
42d7070a36e7edfa295f9aea2f472e6b,391.9883728027344,460.5937194824219,796.2445068359375,802.369140625,0.0006174101145006716
42da2c134b53cb5594774d3d29faac59,325.1990966796875,465.0159912109375,864.8612060546875,697.1646728515625,0.4623596668243408
4317ccff1c5ab145abf05130c49402b0,367.9022521972656,425.60125732421875,791.1783447265625,617.5027465820312,0.006914631463587284
4336126559df623f417e0cce8658d834,361.3826904296875,516.3328857421875,752.59375,685.1646728515625,0.45934978127479553
435ab3812fb181923346ede78dd5b9a1,357.81658935546875,568.0042724609375,748.6239624023438,688.617919921875,0.01616133190691471
435c653f95dd47326063ff145a0fa82e,340.741943359375,512.2859497070312,646.21533203125,647.5628051757812,0.05219965800642967
436088e347319cbffc494a8d24005299,413.0417785644531,536.9454956054688,788.641357421875,727.4244995117188,0.002381871221587062
436bfe4e723272edcfe1cd8c85bd37a0,171.71841430664062,230.03956604003906,365.5050354003906,341.05419921875,0.00017695524729788303
4378b6e8a912d95d9eadeff7b3b9a48e,430.9210205078125,560.3939819335938,740.783203125,761.4542846679688,0.0009213814046233892
439dc69a4c208bef639794335fc7e8aa,384.4799499511719,588.6637573242188,778.338134765625,789.0967407226562,0.35813048481941223
43a5c26c8ab3300f0848b4b1ebb197f6,432.51885986328125,515.91650390625,812.5734252929688,652.453125,0.02034330740571022
43f22c9287a262c3621ee246b6153a1b,374.986572265625,558.7396240234375,688.6842041015625,691.0155029296875,0.00014866686251480132
43f2bfe06c7c0bed1ea56abd891c46c1,352.32080078125,527.9215087890625,844.183837890625,790.2210693359375,0.00041147368028759956
43f36cac2950bc05f18187f0b1a7670e,387.9954833984375,498.9603576660156,800.962646484375,704.4674072265625,0.00038859809865243733
441e33ddef587e66391d3560e975b045,456.0380554199219,590.3067626953125,795.2919921875,761.5250244140625,0.0013501027133315802
442e1e71a3b1c97fe654fc7439119534,410.5802917480469,553.2579345703125,739.051513671875,693.0906982421875,0.0017672620015218854
445968a410422d687217c1f21fddf8b9,388.92242431640625,513.4825439453125,804.7211303710938,756.9315185546875,0.0002961450954899192
448408b2da910f68f956ba77db83bf7f,389.75384521484375,642.1121215820312,727.6795043945312,787.8971557617188,0.007264676038175821
449090e7c3df33a02d8f935a57af7f74,398.5916748046875,623.5587158203125,735.4520263671875,777.8702392578125,0.07094036787748337
44a4ac9c03955122caf8db97ae2fcec6,348.7300720214844,581.8089599609375,773.3670654296875,749.1444091796875,0.008215212263166904
44e38e19f2d5fa89ebc805b4e4249f4a,438.1723327636719,570.5777587890625,702.204345703125,691.3814697265625,0.0001665527088334784
455955fc58bafe84b70a4e92384cc07c,418.8521423339844,608.199951171875,724.9459228515625,737.0634765625,0.0001957607310032472
456a10d48cab2f63322322daa2c40fde,355.8379821777344,530.3349609375,702.0694580078125,635.9539794921875,0.0009250718867406249
458dba2869d82b94f34858fc0e9d420d,323.1031494140625,537.4390869140625,707.5579833984375,705.8885498046875,0.0003178195038344711
4597cf072dafa598c3396af5b395da05,375.92376708984375,517.7342529296875,724.8811645507812,630.8870849609375,0.00092763063730672
45a67b52deef6d917675de9efcace27d,377.55023193359375,596.344970703125,675.1984252929688,744.1915283203125,0.0003083448391407728
45ca9eddff39ca3e252551cc283779d0,400.1399841308594,553.8006591796875,672.1717529296875,673.6510009765625,0.0003567362145986408
45dbcf1210bda737de385640e0635deb,388.2163391113281,477.1678771972656,831.06591796875,665.1676025390625,0.5020968317985535
45f407b266655c8d3faf9bd6faa9a6d2,316.32122802734375,579.21044921875,729.0250854492188,787.668701171875,0.0015346213476732373
45ffdfc3462f0377ee35ef05e9bf2b9d,416.3883361816406,494.92584228515625,707.3956298828125,643.9168090820312,0.0003501677419990301
460283ce802309a67fab5f8d098cc7f1,346.9043273925781,447.0920104980469,720.272705078125,585.54248046875,0.7788707613945007
461047418073179170ff04527460a0c6,427.57354736328125,663.1287841796875,776.2545776367188,804.6246337890625,0.0017808234551921487
46670a547d530e18e32a16c6a2d3ce23,395.61407470703125,553.2977294921875,831.6434936523438,652.5655517578125,0.035244811326265335
467fb10d9fb7d7816e9086fec5aa86f6,360.0281982421875,541.116455078125,795.04296875,711.1943359375,0.7403600811958313
46b04770c972a6db13be05221cce609d,391.8603515625,389.68634033203125,794.9259033203125,546.71728515625,0.08209005743265152
46bf77c01c789723965f6180d1d217b0,528.7412109375,276.5364074707031,625.892822265625,372.4340515136719,0.00011550743511179462
46f349b7cabf56c2c2d9c1d069f8c564,364.28619384765625,520.7530517578125,727.5178833007812,653.5391845703125,0.025511683896183968
472672f4fbd1e5093c54346466ef8b6c,421.3763122558594,470.17437744140625,710.7279052734375,594.4409790039062,0.00011103874567197636
472737987cecf2846b2f7453ec97a0e4,430.25823974609375,362.2738037109375,759.9657592773438,546.6282348632812,0.0042372592724859715
4736524816401e7b31cfb0cac71d7a8e,414.732177734375,432.7266540527344,769.1937255859375,669.0289306640625,0.8155913352966309
474007ded9b6b99e3619a705ef34d0dc,374.1552734375,538.4600830078125,775.4462890625,731.0552978515625,0.00018454561359249055
47415deef1ee1c384eeaa1c58ad56b79,409.3327941894531,567.2037963867188,707.46728515625,730.5248413085938,0.004410902503877878
47437878d27d009dcc9fcda42255c2c8,377.39630126953125,497.99163818359375,799.6913452148438,731.1096801757812,0.0019871045369654894
475274f175ac0685d9ef2153e5d8e47a,353.8860778808594,362.8895263671875,709.4263916015625,675.930908203125,0.010822715237736702
475405daeac63ae42731ddf2b8a53508,463.8601379394531,511.1344909667969,741.5146484375,625.26025390625,0.0020697766449302435
477e93583988faa67e54d97cc39a8df9,319.99468994140625,607.1658935546875,833.4009399414062,848.2706298828125,0.019192785024642944
4783897bac1d991d9a95f8c6bdb14766,455.29913330078125,580.4986572265625,806.0895385742188,715.8968505859375,0.00013751753431279212
47ce4f0300b152a5d4e22f812f747292,378.24371337890625,540.438720703125,829.4148559570312,758.91845703125,0.001534445327706635
47d8960b72621abb40a2544697b6308f,369.6327819824219,439.9989013671875,776.057373046875,595.32666015625,0.0193867776542902
47e9bd83458885c6edba8b24a267a392,366.54644775390625,534.246337890625,726.1207885742188,760.1669921875,0.0004607585142366588
48170b1f039b7cd08841af54449b5018,407.8758544921875,571.800048828125,738.196533203125,711.36767578125,0.01972774788737297
48f74b1df20e005b30cd5517ffe91aa4,452.05401611328125,478.0240478515625,798.6764526367188,687.0234375,0.00020195604884065688
4910dbe4c6e17a35ed2ba6e7f3d04ef8,452.5045471191406,574.8447265625,797.0025634765625,746.57080078125,0.012664049863815308
49158aad3ffa8a556c9d4cc8efbcf58c,393.06243896484375,649.20556640625,755.7531127929688,784.092529296875,0.011430623009800911
49381febdd648ccc7a190965fe5180bd,441.6708984375,427.8660888671875,823.66845703125,597.011474609375,0.787029504776001
493a7af11aa1a9a1a676aba29e0c6f9d,371.2493591308594,648.4837036132812,697.1983642578125,819.6744995117188,0.0002330698334844783
493d5f75237e5b3ee1846c170a393411,404.8763122558594,660.010986328125,674.8531494140625,765.82666015625,0.00018460879800841212
494445ea1855b61dbabe65e39f6f6927,416.9827575683594,563.0677490234375,751.7874755859375,713.3314208984375,0.003388541517779231
49769691d05ec479aaee410f1553093d,422.7557373046875,597.7928466796875,711.9989013671875,735.5606689453125,0.00011739458568627015
4988a69766a1c59921d0b747dab42457,372.6900634765625,543.7783203125,767.0465087890625,715.2412109375,0.0018698250642046332
49cdb90b456d95c6b522acdbda2305c1,423.6042175292969,501.0119934082031,790.418212890625,660.15283203125,0.0016314906533807516
49ff79c0235064bd067c31148066acf0,379.42144775390625,585.7266845703125,792.0452270507812,740.3531494140625,0.0010058206971734762
4a3a03c8e79cd72efd984b4fef5c157e,453.025390625,509.9951171875,786.763671875,726.07568359375,0.004008194897323847
4a43a19ebccba17f3c1aa3b761298293,454.9573669433594,434.9288330078125,785.4886474609375,569.9130859375,0.7470677495002747
4a78111ddffd59513a73874c9978b3c2,333.0559997558594,561.8778076171875,722.4854736328125,709.1058349609375,0.07496374845504761
4a8ac39c7a3610502f46ae647da2ef19,396.11383056640625,532.3341064453125,676.6502075195312,657.1522216796875,0.0008145226747728884
4aaa644100b006b907aad188b7cbe342,420.1353454589844,501.2294921875,793.2791748046875,625.585205078125,0.007252193056046963
4adb2de9973bd84b83298d045891ee3e,401.3817443847656,538.80224609375,735.5279541015625,697.658203125,0.0001216327800648287
4b19ca098b479dd60cc2288ab680e3eb,327.0096130371094,573.506591796875,772.8760986328125,826.327392578125,0.01959047093987465
4b4c014996678e36fa5aa1d74ff71a1a,351.7980651855469,476.6829833984375,843.609130859375,753.739013671875,0.0014033339684829116
4b4d890639634f5cc8aaefc9fed962ca,443.6800842285156,473.18701171875,756.7469482421875,564.2274169921875,0.0075817103497684
4b53f1475d0e4f4b617e7e3cb43bda2c,343.1318359375,499.5941162109375,784.7840576171875,672.5120849609375,0.00022948483820073307
4b60a9073eca2b480adde9c58e337d1a,351.7713623046875,546.31103515625,711.9498291015625,702.44482421875,0.03575535863637924
4b75a96397735f1435c1414abcb6b9ec,389.1252746582031,534.375,699.03564453125,667.32470703125,0.0012000678107142448
4b7e11251461edb6c46b6acb16583eb2,410.52874755859375,694.7908935546875,785.2551879882812,879.1544189453125,0.02791033498942852
4b848db9936cee0aa033439f83426f91,460.0416259765625,518.5531005859375,794.9527587890625,661.572998046875,0.07668191194534302
4b8cfc33da08ab5309230eeeda306d3d,390.8934326171875,501.0104675292969,808.6229248046875,783.60595703125,0.00048013380728662014
4b92edbb7f4cfebd83b4562c578d22c7,383.55889892578125,669.15380859375,691.9591674804688,783.8544921875,0.00020600071002263576
4ba676bdd0c1b0c3876b6050c8fe0f31,382.4031982421875,532.0146484375,820.8179931640625,808.3349609375,0.00036804942646995187
4bc559f97e1d3c8c2ee52deef7de8811,395.5312805175781,688.8240966796875,691.6572265625,797.0921630859375,0.0019315187819302082
4bed68bcc1b764cd964f5e96ca83884c,368.76837158203125,485.4987487792969,748.9291381835938,714.039794921875,0.0016087873373180628
4c213a6dd028309618851387389b7a30,777.752685546875,349.92694091796875,1023.094482421875,453.712646484375,0.0002673984272405505
4c5cda3481350033d181e879d29f0135,409.94818115234375,675.8863525390625,769.3522338867188,835.5433349609375,0.011088352650403976
4c60b5ec140ae2e8611927fa82726f95,397.5875244140625,542.1810302734375,786.1519775390625,806.5877685546875,0.0008217639988288283
4c97a58d5d0c427d1596a8b28f9964ad,375.308837890625,582.2056884765625,726.1165771484375,712.3287353515625,0.0002909209579229355
4c98b411d5440af477230c1152109235,352.2288513183594,532.577880859375,701.4144287109375,713.295166015625,0.5379849076271057
4cc98e51df6aa3dee2c7c1763e3fd512,403.7288818359375,525.166015625,813.6141357421875,687.907958984375,0.7822749614715576
4cd5e48c37b1e88e734e6e59dbf8bd6d,358.8210144042969,692.48486328125,747.647705078125,856.664306640625,0.39617088437080383
4d2071baccfd994701c3a5ceb3f64f6f,363.0906677246094,432.081787109375,765.9537353515625,577.8070068359375,0.0011092943605035543
4d22210e645f5c3ac3b98e06afd94046,384.27294921875,559.7948608398438,791.8323974609375,749.4729614257812,0.0010161970276385546
4d3acb5e51c6ab03ed5bc7537125ffc2,369.4112243652344,591.30126953125,773.8494873046875,785.153076171875,0.004427045118063688
4db850f9587d4c21459ea09f9372be3d,378.80487060546875,409.05999755859375,645.0225219726562,585.9132690429688,0.005975173320621252
4dc355ac95a17cd1a361779cba717ade,366.4678039550781,645.0888061523438,832.600341796875,887.8783569335938,0.000883421569596976
4dcaf539b6497ad02f2734e1b78c9678,451.7752990722656,498.447998046875,861.8443603515625,619.449951171875,0.033647630363702774
4de27ac8b1c575b620cc16780030086d,422.9016418457031,643.168701171875,770.781005859375,806.076171875,0.09713120013475418
4e36b920e32cc309388138261b94f741,403.24334716796875,558.8482055664062,778.3965454101562,697.2626342773438,0.02101532556116581
4e6269ee38f7c8afc70792e62d0a05e8,375.45556640625,480.7396240234375,702.640625,597.8638916015625,0.001710621640086174
fdc79ca123f665375a024d95fce24af4,393.1350402832031,588.7957153320312,888.33251953125,794.5197143554688,0.7720264196395874
